[
    {
        "pk": 96, 
        "model": "courses.course", 
        "fields": {
            "name": "CALCULUS I", 
            "min_credits": 4, 
            "grade_type": "", 
            "number": 1010, 
            "max_credits": 4, 
            "department": 28
        }
    }, 
    {
        "pk": 100, 
        "model": "courses.sectionperiod", 
        "fields": {
            "kind": "LEC", 
            "section": 218, 
            "period": 54, 
            "semester": 2, 
            "location": "DARRIN 324", 
            "instructor": "Suarez"
        }
    }, 
    {
        "pk": 101, 
        "model": "courses.sectionperiod", 
        "fields": {
            "kind": "REC", 
            "section": 218, 
            "period": 55, 
            "semester": 2, 
            "location": "LOW 4034", 
            "instructor": "Staff"
        }
    }, 
    {
        "pk": 102, 
        "model": "courses.sectionperiod", 
        "fields": {
            "kind": "LEC", 
            "section": 219, 
            "period": 54, 
            "semester": 2, 
            "location": "DARRIN 324", 
            "instructor": "Suarez"
        }
    }, 
    {
        "pk": 103, 
        "model": "courses.sectionperiod", 
        "fields": {
            "kind": "REC", 
            "section": 219, 
            "period": 56, 
            "semester": 2, 
            "location": "LOW 3112", 
            "instructor": "Staff"
        }
    }, 
    {
        "pk": 104, 
        "model": "courses.sectionperiod", 
        "fields": {
            "kind": "LEC", 
            "section": 220, 
            "period": 54, 
            "semester": 2, 
            "location": "DARRIN 324", 
            "instructor": "Suarez"
        }
    }, 
    {
        "pk": 105, 
        "model": "courses.sectionperiod", 
        "fields": {
            "kind": "REC", 
            "section": 220, 
            "period": 57, 
            "semester": 2, 
            "location": "SAGE 2715", 
            "instructor": "Staff"
        }
    }, 
    {
        "pk": 1477, 
        "model": "courses.sectionperiod", 
        "fields": {
            "kind": "LEC", 
            "section": 2667, 
            "period": 31, 
            "semester": 4, 
            "location": "DARRIN 308", 
            "instructor": "Piper"
        }
    }, 
    {
        "pk": 1478, 
        "model": "courses.sectionperiod", 
        "fields": {
            "kind": "REC", 
            "section": 2667, 
            "period": 38, 
            "semester": 4, 
            "location": "LOW 3112", 
            "instructor": "Staff"
        }
    }, 
    {
        "pk": 1479, 
        "model": "courses.sectionperiod", 
        "fields": {
            "kind": "LEC", 
            "section": 2668, 
            "period": 31, 
            "semester": 4, 
            "location": "DARRIN 308", 
            "instructor": "Piper"
        }
    }, 
    {
        "pk": 1480, 
        "model": "courses.sectionperiod", 
        "fields": {
            "kind": "REC", 
            "section": 2668, 
            "period": 36, 
            "semester": 4, 
            "location": "SAGE 2112", 
            "instructor": "Staff"
        }
    }, 
    {
        "pk": 1481, 
        "model": "courses.sectionperiod", 
        "fields": {
            "kind": "LEC", 
            "section": 2669, 
            "period": 31, 
            "semester": 4, 
            "location": "DARRIN 308", 
            "instructor": "Piper"
        }
    }, 
    {
        "pk": 1482, 
        "model": "courses.sectionperiod", 
        "fields": {
            "kind": "REC", 
            "section": 2669, 
            "period": 25, 
            "semester": 4, 
            "location": "EATON 215", 
            "instructor": "Staff"
        }
    }, 
    {
        "pk": 1483, 
        "model": "courses.sectionperiod", 
        "fields": {
            "kind": "LEC", 
            "section": 2670, 
            "period": 31, 
            "semester": 4, 
            "location": "DARRIN 308", 
            "instructor": "Piper"
        }
    }, 
    {
        "pk": 1484, 
        "model": "courses.sectionperiod", 
        "fields": {
            "kind": "REC", 
            "section": 2670, 
            "period": 26, 
            "semester": 4, 
            "location": "EATON 215", 
            "instructor": "Staff"
        }
    }, 
    {
        "pk": 1485, 
        "model": "courses.sectionperiod", 
        "fields": {
            "kind": "LEC", 
            "section": 2671, 
            "period": 91, 
            "semester": 4, 
            "location": "DARRIN 324", 
            "instructor": "Schmidt"
        }
    }, 
    {
        "pk": 1486, 
        "model": "courses.sectionperiod", 
        "fields": {
            "kind": "REC", 
            "section": 2671, 
            "period": 96, 
            "semester": 4, 
            "location": "LOW 3116", 
            "instructor": "Staff"
        }
    }, 
    {
        "pk": 1487, 
        "model": "courses.sectionperiod", 
        "fields": {
            "kind": "LEC", 
            "section": 2672, 
            "period": 91, 
            "semester": 4, 
            "location": "DARRIN 324", 
            "instructor": "Schmidt"
        }
    }, 
    {
        "pk": 1488, 
        "model": "courses.sectionperiod", 
        "fields": {
            "kind": "REC", 
            "section": 2672, 
            "period": 97, 
            "semester": 4, 
            "location": "LOW 3116", 
            "instructor": "Staff"
        }
    }, 
    {
        "pk": 1489, 
        "model": "courses.sectionperiod", 
        "fields": {
            "kind": "LEC", 
            "section": 2673, 
            "period": 91, 
            "semester": 4, 
            "location": "DARRIN 324", 
            "instructor": "Schmidt"
        }
    }, 
    {
        "pk": 1490, 
        "model": "courses.sectionperiod", 
        "fields": {
            "kind": "", 
            "section": 2673, 
            "period": 41, 
            "semester": 4, 
            "location": "LOW 4034", 
            "instructor": "Staff"
        }
    }, 
    {
        "pk": 1491, 
        "model": "courses.sectionperiod", 
        "fields": {
            "kind": "LEC", 
            "section": 2674, 
            "period": 91, 
            "semester": 4, 
            "location": "DARRIN 324", 
            "instructor": "Schmidt"
        }
    }, 
    {
        "pk": 1492, 
        "model": "courses.sectionperiod", 
        "fields": {
            "kind": "REC", 
            "section": 2674, 
            "period": 93, 
            "semester": 4, 
            "location": "LOW 3116", 
            "instructor": "Staff"
        }
    }, 
    {
        "pk": 1493, 
        "model": "courses.sectionperiod", 
        "fields": {
            "kind": "LEC", 
            "section": 2675, 
            "period": 72, 
            "semester": 4, 
            "location": "RCKTTS 203", 
            "instructor": "Turiel"
        }
    }, 
    {
        "pk": 1494, 
        "model": "courses.sectionperiod", 
        "fields": {
            "kind": "REC", 
            "section": 2675, 
            "period": 38, 
            "semester": 4, 
            "location": "EATON 216", 
            "instructor": "Staff"
        }
    }, 
    {
        "pk": 1495, 
        "model": "courses.sectionperiod", 
        "fields": {
            "kind": "LEC", 
            "section": 2676, 
            "period": 72, 
            "semester": 4, 
            "location": "RCKTTS 203", 
            "instructor": "Turiel"
        }
    }, 
    {
        "pk": 1496, 
        "model": "courses.sectionperiod", 
        "fields": {
            "kind": "REC", 
            "section": 2676, 
            "period": 36, 
            "semester": 4, 
            "location": "LOW 3112", 
            "instructor": "Staff"
        }
    }, 
    {
        "pk": 1497, 
        "model": "courses.sectionperiod", 
        "fields": {
            "kind": "LEC", 
            "section": 2677, 
            "period": 72, 
            "semester": 4, 
            "location": "RCKTTS 203", 
            "instructor": "Turiel"
        }
    }, 
    {
        "pk": 1498, 
        "model": "courses.sectionperiod", 
        "fields": {
            "kind": "REC", 
            "section": 2677, 
            "period": 126, 
            "semester": 4, 
            "location": "LALLY 02", 
            "instructor": "Staff"
        }
    }, 
    {
        "pk": 1499, 
        "model": "courses.sectionperiod", 
        "fields": {
            "kind": "LEC", 
            "section": 2678, 
            "period": 72, 
            "semester": 4, 
            "location": "RCKTTS 203", 
            "instructor": "Turiel"
        }
    }, 
    {
        "pk": 1500, 
        "model": "courses.sectionperiod", 
        "fields": {
            "kind": "REC", 
            "section": 2678, 
            "period": 164, 
            "semester": 4, 
            "location": "LOW 4034", 
            "instructor": "Staff"
        }
    }, 
    {
        "pk": 1501, 
        "model": "courses.sectionperiod", 
        "fields": {
            "kind": "LEC", 
            "section": 2679, 
            "period": 250, 
            "semester": 4, 
            "location": "WEST AUD", 
            "instructor": "Turiel"
        }
    }, 
    {
        "pk": 1502, 
        "model": "courses.sectionperiod", 
        "fields": {
            "kind": "REC", 
            "section": 2679, 
            "period": 35, 
            "semester": 4, 
            "location": "LOW 4034", 
            "instructor": "Staff"
        }
    }, 
    {
        "pk": 1503, 
        "model": "courses.sectionperiod", 
        "fields": {
            "kind": "LEC", 
            "section": 2680, 
            "period": 250, 
            "semester": 4, 
            "location": "WEST AUD", 
            "instructor": "Turiel"
        }
    }, 
    {
        "pk": 1504, 
        "model": "courses.sectionperiod", 
        "fields": {
            "kind": "REC", 
            "section": 2680, 
            "period": 37, 
            "semester": 4, 
            "location": "SAGE 2112", 
            "instructor": "Staff"
        }
    }, 
    {
        "pk": 1505, 
        "model": "courses.sectionperiod", 
        "fields": {
            "kind": "LEC", 
            "section": 2681, 
            "period": 250, 
            "semester": 4, 
            "location": "WEST AUD", 
            "instructor": "Turiel"
        }
    }, 
    {
        "pk": 1506, 
        "model": "courses.sectionperiod", 
        "fields": {
            "kind": "REC", 
            "section": 2681, 
            "period": 38, 
            "semester": 4, 
            "location": "LOW 3116", 
            "instructor": "Staff"
        }
    }, 
    {
        "pk": 1507, 
        "model": "courses.sectionperiod", 
        "fields": {
            "kind": "LEC", 
            "section": 2682, 
            "period": 250, 
            "semester": 4, 
            "location": "WEST AUD", 
            "instructor": "Turiel"
        }
    }, 
    {
        "pk": 1508, 
        "model": "courses.sectionperiod", 
        "fields": {
            "kind": "REC", 
            "section": 2682, 
            "period": 36, 
            "semester": 4, 
            "location": "LOW 3116", 
            "instructor": "Staff"
        }
    }, 
    {
        "pk": 1509, 
        "model": "courses.sectionperiod", 
        "fields": {
            "kind": "LEC", 
            "section": 2683, 
            "period": 251, 
            "semester": 4, 
            "location": "DARRIN 318", 
            "instructor": "Schmidt"
        }
    }, 
    {
        "pk": 1510, 
        "model": "courses.sectionperiod", 
        "fields": {
            "kind": "REC", 
            "section": 2683, 
            "period": 94, 
            "semester": 4, 
            "location": "LOW 4034", 
            "instructor": "Staff"
        }
    }, 
    {
        "pk": 1511, 
        "model": "courses.sectionperiod", 
        "fields": {
            "kind": "LEC", 
            "section": 2684, 
            "period": 251, 
            "semester": 4, 
            "location": "DARRIN 318", 
            "instructor": "Schmidt"
        }
    }, 
    {
        "pk": 1512, 
        "model": "courses.sectionperiod", 
        "fields": {
            "kind": "REC", 
            "section": 2684, 
            "period": 95, 
            "semester": 4, 
            "location": "LOW 4034", 
            "instructor": "Staff"
        }
    }, 
    {
        "pk": 1513, 
        "model": "courses.sectionperiod", 
        "fields": {
            "kind": "LEC", 
            "section": 2685, 
            "period": 251, 
            "semester": 4, 
            "location": "DARRIN 318", 
            "instructor": "Schmidt"
        }
    }, 
    {
        "pk": 1514, 
        "model": "courses.sectionperiod", 
        "fields": {
            "kind": "REC", 
            "section": 2685, 
            "period": 234, 
            "semester": 4, 
            "location": "JONSSN 3207", 
            "instructor": "Staff"
        }
    }, 
    {
        "pk": 1515, 
        "model": "courses.sectionperiod", 
        "fields": {
            "kind": "LEC", 
            "section": 2686, 
            "period": 251, 
            "semester": 4, 
            "location": "DARRIN 318", 
            "instructor": "Schmidt"
        }
    }, 
    {
        "pk": 1516, 
        "model": "courses.sectionperiod", 
        "fields": {
            "kind": "REC", 
            "section": 2686, 
            "period": 235, 
            "semester": 4, 
            "location": "LOW 3112", 
            "instructor": "Staff"
        }
    }, 
    {
        "pk": 1517, 
        "model": "courses.sectionperiod", 
        "fields": {
            "kind": "LEC", 
            "section": 2687, 
            "period": 54, 
            "semester": 4, 
            "location": "DARRIN 318", 
            "instructor": "Aghili Nasab"
        }
    }, 
    {
        "pk": 1518, 
        "model": "courses.sectionperiod", 
        "fields": {
            "kind": "REC", 
            "section": 2687, 
            "period": 96, 
            "semester": 4, 
            "location": "LOW 4034", 
            "instructor": "Staff"
        }
    }, 
    {
        "pk": 1519, 
        "model": "courses.sectionperiod", 
        "fields": {
            "kind": "LEC", 
            "section": 2688, 
            "period": 54, 
            "semester": 4, 
            "location": "DARRIN 318", 
            "instructor": "Aghili Nasab"
        }
    }, 
    {
        "pk": 1520, 
        "model": "courses.sectionperiod", 
        "fields": {
            "kind": "REC", 
            "section": 2688, 
            "period": 97, 
            "semester": 4, 
            "location": "LOW 4040", 
            "instructor": "Staff"
        }
    }, 
    {
        "pk": 1521, 
        "model": "courses.sectionperiod", 
        "fields": {
            "kind": "LEC", 
            "section": 2689, 
            "period": 54, 
            "semester": 4, 
            "location": "DARRIN 318", 
            "instructor": "Aghili Nasab"
        }
    }, 
    {
        "pk": 1522, 
        "model": "courses.sectionperiod", 
        "fields": {
            "kind": "REC", 
            "section": 2689, 
            "period": 41, 
            "semester": 4, 
            "location": "LOW 4040", 
            "instructor": "Staff"
        }
    }, 
    {
        "pk": 1523, 
        "model": "courses.sectionperiod", 
        "fields": {
            "kind": "LEC", 
            "section": 2690, 
            "period": 54, 
            "semester": 4, 
            "location": "DARRIN 318", 
            "instructor": "Aghili Nasab"
        }
    }, 
    {
        "pk": 1524, 
        "model": "courses.sectionperiod", 
        "fields": {
            "kind": "REC", 
            "section": 2690, 
            "period": 93, 
            "semester": 4, 
            "location": "LOW 4040", 
            "instructor": "Staff"
        }
    }, 
    {
        "pk": 2900, 
        "model": "courses.sectionperiod", 
        "fields": {
            "kind": "LEC", 
            "section": 4902, 
            "period": 54, 
            "semester": 5, 
            "location": "DARRIN 324", 
            "instructor": "Schmidt"
        }
    }, 
    {
        "pk": 2901, 
        "model": "courses.sectionperiod", 
        "fields": {
            "kind": "REC", 
            "section": 4902, 
            "period": 55, 
            "semester": 5, 
            "location": "LOW 3112", 
            "instructor": "Staff"
        }
    }, 
    {
        "pk": 2902, 
        "model": "courses.sectionperiod", 
        "fields": {
            "kind": "LEC", 
            "section": 4903, 
            "period": 54, 
            "semester": 5, 
            "location": "DARRIN 324", 
            "instructor": "Schmidt"
        }
    }, 
    {
        "pk": 2903, 
        "model": "courses.sectionperiod", 
        "fields": {
            "kind": "REC", 
            "section": 4903, 
            "period": 56, 
            "semester": 5, 
            "location": "LOW 3112", 
            "instructor": "Staff"
        }
    }, 
    {
        "pk": 2904, 
        "model": "courses.sectionperiod", 
        "fields": {
            "kind": "LEC", 
            "section": 4904, 
            "period": 54, 
            "semester": 5, 
            "location": "DARRIN 324", 
            "instructor": "Schmidt"
        }
    }, 
    {
        "pk": 2905, 
        "model": "courses.sectionperiod", 
        "fields": {
            "kind": "REC", 
            "section": 4904, 
            "period": 57, 
            "semester": 5, 
            "location": "SAGE 2715", 
            "instructor": "Staff"
        }
    }, 
    {
        "pk": 4151, 
        "model": "courses.sectionperiod", 
        "fields": {
            "kind": "LEC", 
            "section": 7507, 
            "period": 31, 
            "semester": 7, 
            "location": "DARRIN 308", 
            "instructor": "Piper"
        }
    }, 
    {
        "pk": 4152, 
        "model": "courses.sectionperiod", 
        "fields": {
            "kind": "REC", 
            "section": 7507, 
            "period": 38, 
            "semester": 7, 
            "location": "EATON 215", 
            "instructor": "Staff"
        }
    }, 
    {
        "pk": 4153, 
        "model": "courses.sectionperiod", 
        "fields": {
            "kind": "LEC", 
            "section": 7508, 
            "period": 31, 
            "semester": 7, 
            "location": "DARRIN 308", 
            "instructor": "Piper"
        }
    }, 
    {
        "pk": 4154, 
        "model": "courses.sectionperiod", 
        "fields": {
            "kind": "REC", 
            "section": 7508, 
            "period": 36, 
            "semester": 7, 
            "location": "EATON 215", 
            "instructor": "Staff"
        }
    }, 
    {
        "pk": 4155, 
        "model": "courses.sectionperiod", 
        "fields": {
            "kind": "LEC", 
            "section": 7509, 
            "period": 31, 
            "semester": 7, 
            "location": "DARRIN 308", 
            "instructor": "Piper"
        }
    }, 
    {
        "pk": 4156, 
        "model": "courses.sectionperiod", 
        "fields": {
            "kind": "REC", 
            "section": 7509, 
            "period": 25, 
            "semester": 7, 
            "location": "LOW 4040", 
            "instructor": "Staff"
        }
    }, 
    {
        "pk": 4157, 
        "model": "courses.sectionperiod", 
        "fields": {
            "kind": "LEC", 
            "section": 7510, 
            "period": 31, 
            "semester": 7, 
            "location": "DARRIN 308", 
            "instructor": "Piper"
        }
    }, 
    {
        "pk": 4158, 
        "model": "courses.sectionperiod", 
        "fields": {
            "kind": "REC", 
            "section": 7510, 
            "period": 26, 
            "semester": 7, 
            "location": "JONSSN 3207", 
            "instructor": "Staff"
        }
    }, 
    {
        "pk": 4159, 
        "model": "courses.sectionperiod", 
        "fields": {
            "kind": "LEC", 
            "section": 7511, 
            "period": 32, 
            "semester": 7, 
            "location": "DARRIN 324", 
            "instructor": "Schmidt"
        }
    }, 
    {
        "pk": 4160, 
        "model": "courses.sectionperiod", 
        "fields": {
            "kind": "REC", 
            "section": 7511, 
            "period": 96, 
            "semester": 7, 
            "location": "EATON 215", 
            "instructor": "Staff"
        }
    }, 
    {
        "pk": 4161, 
        "model": "courses.sectionperiod", 
        "fields": {
            "kind": "LEC", 
            "section": 7512, 
            "period": 32, 
            "semester": 7, 
            "location": "DARRIN 324", 
            "instructor": "Schmidt"
        }
    }, 
    {
        "pk": 4162, 
        "model": "courses.sectionperiod", 
        "fields": {
            "kind": "REC", 
            "section": 7512, 
            "period": 97, 
            "semester": 7, 
            "location": "EATON 215", 
            "instructor": "Staff"
        }
    }, 
    {
        "pk": 4163, 
        "model": "courses.sectionperiod", 
        "fields": {
            "kind": "LEC", 
            "section": 7513, 
            "period": 32, 
            "semester": 7, 
            "location": "DARRIN 324", 
            "instructor": "Schmidt"
        }
    }, 
    {
        "pk": 4164, 
        "model": "courses.sectionperiod", 
        "fields": {
            "kind": "", 
            "section": 7513, 
            "period": 41, 
            "semester": 7, 
            "location": "LOW 4034", 
            "instructor": "Staff"
        }
    }, 
    {
        "pk": 4165, 
        "model": "courses.sectionperiod", 
        "fields": {
            "kind": "LEC", 
            "section": 7514, 
            "period": 32, 
            "semester": 7, 
            "location": "DARRIN 324", 
            "instructor": "Schmidt"
        }
    }, 
    {
        "pk": 4166, 
        "model": "courses.sectionperiod", 
        "fields": {
            "kind": "REC", 
            "section": 7514, 
            "period": 93, 
            "semester": 7, 
            "location": "LOW 3116", 
            "instructor": "Staff"
        }
    }, 
    {
        "pk": 4167, 
        "model": "courses.sectionperiod", 
        "fields": {
            "kind": "LEC", 
            "section": 7515, 
            "period": 10, 
            "semester": 7, 
            "location": "EATON 214", 
            "instructor": "Kiehl"
        }
    }, 
    {
        "pk": 4168, 
        "model": "courses.sectionperiod", 
        "fields": {
            "kind": "REC", 
            "section": 7515, 
            "period": 38, 
            "semester": 7, 
            "location": "SAGE 2704", 
            "instructor": "Staff"
        }
    }, 
    {
        "pk": 4169, 
        "model": "courses.sectionperiod", 
        "fields": {
            "kind": "LEC", 
            "section": 7516, 
            "period": 10, 
            "semester": 7, 
            "location": "EATON 214", 
            "instructor": "Kiehl"
        }
    }, 
    {
        "pk": 4170, 
        "model": "courses.sectionperiod", 
        "fields": {
            "kind": "REC", 
            "section": 7516, 
            "period": 36, 
            "semester": 7, 
            "location": "LOW 3112", 
            "instructor": "Staff"
        }
    }, 
    {
        "pk": 4171, 
        "model": "courses.sectionperiod", 
        "fields": {
            "kind": "LEC", 
            "section": 7517, 
            "period": 10, 
            "semester": 7, 
            "location": "EATON 214", 
            "instructor": "Kiehl"
        }
    }, 
    {
        "pk": 4172, 
        "model": "courses.sectionperiod", 
        "fields": {
            "kind": "REC", 
            "section": 7517, 
            "period": 126, 
            "semester": 7, 
            "location": "LALLY 02", 
            "instructor": "Staff"
        }
    }, 
    {
        "pk": 4173, 
        "model": "courses.sectionperiod", 
        "fields": {
            "kind": "LEC", 
            "section": 7518, 
            "period": 10, 
            "semester": 7, 
            "location": "EATON 214", 
            "instructor": "Kiehl"
        }
    }, 
    {
        "pk": 4174, 
        "model": "courses.sectionperiod", 
        "fields": {
            "kind": "REC", 
            "section": 7518, 
            "period": 164, 
            "semester": 7, 
            "location": "LOW 4034", 
            "instructor": "Staff"
        }
    }, 
    {
        "pk": 4175, 
        "model": "courses.sectionperiod", 
        "fields": {
            "kind": "LEC", 
            "section": 7519, 
            "period": 34, 
            "semester": 7, 
            "location": "WEST AUD", 
            "instructor": "Kiehl"
        }
    }, 
    {
        "pk": 4176, 
        "model": "courses.sectionperiod", 
        "fields": {
            "kind": "REC", 
            "section": 7519, 
            "period": 35, 
            "semester": 7, 
            "location": "LOW 4034", 
            "instructor": "Staff"
        }
    }, 
    {
        "pk": 4177, 
        "model": "courses.sectionperiod", 
        "fields": {
            "kind": "LEC", 
            "section": 7520, 
            "period": 34, 
            "semester": 7, 
            "location": "WEST AUD", 
            "instructor": "Kiehl"
        }
    }, 
    {
        "pk": 4178, 
        "model": "courses.sectionperiod", 
        "fields": {
            "kind": "REC", 
            "section": 7520, 
            "period": 37, 
            "semester": 7, 
            "location": "SAGE 2112", 
            "instructor": "Staff"
        }
    }, 
    {
        "pk": 4179, 
        "model": "courses.sectionperiod", 
        "fields": {
            "kind": "LEC", 
            "section": 7521, 
            "period": 34, 
            "semester": 7, 
            "location": "WEST AUD", 
            "instructor": "Kiehl"
        }
    }, 
    {
        "pk": 4180, 
        "model": "courses.sectionperiod", 
        "fields": {
            "kind": "REC", 
            "section": 7521, 
            "period": 38, 
            "semester": 7, 
            "location": "LOW 3116", 
            "instructor": "Staff"
        }
    }, 
    {
        "pk": 4181, 
        "model": "courses.sectionperiod", 
        "fields": {
            "kind": "LEC", 
            "section": 7522, 
            "period": 34, 
            "semester": 7, 
            "location": "WEST AUD", 
            "instructor": "Kiehl"
        }
    }, 
    {
        "pk": 4182, 
        "model": "courses.sectionperiod", 
        "fields": {
            "kind": "REC", 
            "section": 7522, 
            "period": 36, 
            "semester": 7, 
            "location": "LOW 3116", 
            "instructor": "Staff"
        }
    }, 
    {
        "pk": 4183, 
        "model": "courses.sectionperiod", 
        "fields": {
            "kind": "LEC", 
            "section": 7523, 
            "period": 59, 
            "semester": 7, 
            "location": "DARRIN 330", 
            "instructor": "Schmidt"
        }
    }, 
    {
        "pk": 4184, 
        "model": "courses.sectionperiod", 
        "fields": {
            "kind": "REC", 
            "section": 7523, 
            "period": 94, 
            "semester": 7, 
            "location": "LOW 4040", 
            "instructor": "Staff"
        }
    }, 
    {
        "pk": 4185, 
        "model": "courses.sectionperiod", 
        "fields": {
            "kind": "LEC", 
            "section": 7524, 
            "period": 59, 
            "semester": 7, 
            "location": "DARRIN 330", 
            "instructor": "Schmidt"
        }
    }, 
    {
        "pk": 4186, 
        "model": "courses.sectionperiod", 
        "fields": {
            "kind": "REC", 
            "section": 7524, 
            "period": 95, 
            "semester": 7, 
            "location": "LALLY 02", 
            "instructor": "Staff"
        }
    }, 
    {
        "pk": 4187, 
        "model": "courses.sectionperiod", 
        "fields": {
            "kind": "LEC", 
            "section": 7525, 
            "period": 59, 
            "semester": 7, 
            "location": "DARRIN 330", 
            "instructor": "Schmidt"
        }
    }, 
    {
        "pk": 4188, 
        "model": "courses.sectionperiod", 
        "fields": {
            "kind": "REC", 
            "section": 7525, 
            "period": 234, 
            "semester": 7, 
            "location": "LALLY 02", 
            "instructor": "Staff"
        }
    }, 
    {
        "pk": 4189, 
        "model": "courses.sectionperiod", 
        "fields": {
            "kind": "LEC", 
            "section": 7526, 
            "period": 59, 
            "semester": 7, 
            "location": "DARRIN 330", 
            "instructor": "Schmidt"
        }
    }, 
    {
        "pk": 4190, 
        "model": "courses.sectionperiod", 
        "fields": {
            "kind": "REC", 
            "section": 7526, 
            "period": 235, 
            "semester": 7, 
            "location": "LOW 4034", 
            "instructor": "Staff"
        }
    }, 
    {
        "pk": 4191, 
        "model": "courses.sectionperiod", 
        "fields": {
            "kind": "LEC", 
            "section": 7527, 
            "period": 10, 
            "semester": 7, 
            "location": "SAGE 3510", 
            "instructor": "Piper"
        }
    }, 
    {
        "pk": 4192, 
        "model": "courses.sectionperiod", 
        "fields": {
            "kind": "REC", 
            "section": 7527, 
            "period": 38, 
            "semester": 7, 
            "location": "LOW 4034", 
            "instructor": "Staff"
        }
    }, 
    {
        "pk": 4193, 
        "model": "courses.sectionperiod", 
        "fields": {
            "kind": "LEC", 
            "section": 7528, 
            "period": 10, 
            "semester": 7, 
            "location": "SAGE 3510", 
            "instructor": "Piper"
        }
    }, 
    {
        "pk": 4194, 
        "model": "courses.sectionperiod", 
        "fields": {
            "kind": "REC", 
            "section": 7528, 
            "period": 36, 
            "semester": 7, 
            "location": "LOW 4034", 
            "instructor": "Staff"
        }
    }, 
    {
        "pk": 4195, 
        "model": "courses.sectionperiod", 
        "fields": {
            "kind": "LEC", 
            "section": 7529, 
            "period": 10, 
            "semester": 7, 
            "location": "SAGE 3510", 
            "instructor": "Piper"
        }
    }, 
    {
        "pk": 4196, 
        "model": "courses.sectionperiod", 
        "fields": {
            "kind": "REC", 
            "section": 7529, 
            "period": 35, 
            "semester": 7, 
            "location": "LOW 4040", 
            "instructor": "Staff"
        }
    }, 
    {
        "pk": 4197, 
        "model": "courses.sectionperiod", 
        "fields": {
            "kind": "LEC", 
            "section": 7530, 
            "period": 10, 
            "semester": 7, 
            "location": "SAGE 3510", 
            "instructor": "Piper"
        }
    }, 
    {
        "pk": 4198, 
        "model": "courses.sectionperiod", 
        "fields": {
            "kind": "REC", 
            "section": 7530, 
            "period": 37, 
            "semester": 7, 
            "location": "LOW 4040", 
            "instructor": "Staff"
        }
    }, 
    {
        "pk": 218, 
        "model": "courses.semestersection", 
        "fields": {
            "semester": 2, 
            "section": 218
        }
    }, 
    {
        "pk": 219, 
        "model": "courses.semestersection", 
        "fields": {
            "semester": 2, 
            "section": 219
        }
    }, 
    {
        "pk": 220, 
        "model": "courses.semestersection", 
        "fields": {
            "semester": 2, 
            "section": 220
        }
    }, 
    {
        "pk": 2667, 
        "model": "courses.semestersection", 
        "fields": {
            "semester": 4, 
            "section": 2667
        }
    }, 
    {
        "pk": 2668, 
        "model": "courses.semestersection", 
        "fields": {
            "semester": 4, 
            "section": 2668
        }
    }, 
    {
        "pk": 2669, 
        "model": "courses.semestersection", 
        "fields": {
            "semester": 4, 
            "section": 2669
        }
    }, 
    {
        "pk": 2670, 
        "model": "courses.semestersection", 
        "fields": {
            "semester": 4, 
            "section": 2670
        }
    }, 
    {
        "pk": 2671, 
        "model": "courses.semestersection", 
        "fields": {
            "semester": 4, 
            "section": 2671
        }
    }, 
    {
        "pk": 2672, 
        "model": "courses.semestersection", 
        "fields": {
            "semester": 4, 
            "section": 2672
        }
    }, 
    {
        "pk": 2673, 
        "model": "courses.semestersection", 
        "fields": {
            "semester": 4, 
            "section": 2673
        }
    }, 
    {
        "pk": 2674, 
        "model": "courses.semestersection", 
        "fields": {
            "semester": 4, 
            "section": 2674
        }
    }, 
    {
        "pk": 2675, 
        "model": "courses.semestersection", 
        "fields": {
            "semester": 4, 
            "section": 2675
        }
    }, 
    {
        "pk": 2676, 
        "model": "courses.semestersection", 
        "fields": {
            "semester": 4, 
            "section": 2676
        }
    }, 
    {
        "pk": 2677, 
        "model": "courses.semestersection", 
        "fields": {
            "semester": 4, 
            "section": 2677
        }
    }, 
    {
        "pk": 2678, 
        "model": "courses.semestersection", 
        "fields": {
            "semester": 4, 
            "section": 2678
        }
    }, 
    {
        "pk": 2679, 
        "model": "courses.semestersection", 
        "fields": {
            "semester": 4, 
            "section": 2679
        }
    }, 
    {
        "pk": 2680, 
        "model": "courses.semestersection", 
        "fields": {
            "semester": 4, 
            "section": 2680
        }
    }, 
    {
        "pk": 2681, 
        "model": "courses.semestersection", 
        "fields": {
            "semester": 4, 
            "section": 2681
        }
    }, 
    {
        "pk": 2682, 
        "model": "courses.semestersection", 
        "fields": {
            "semester": 4, 
            "section": 2682
        }
    }, 
    {
        "pk": 2683, 
        "model": "courses.semestersection", 
        "fields": {
            "semester": 4, 
            "section": 2683
        }
    }, 
    {
        "pk": 2684, 
        "model": "courses.semestersection", 
        "fields": {
            "semester": 4, 
            "section": 2684
        }
    }, 
    {
        "pk": 2685, 
        "model": "courses.semestersection", 
        "fields": {
            "semester": 4, 
            "section": 2685
        }
    }, 
    {
        "pk": 2686, 
        "model": "courses.semestersection", 
        "fields": {
            "semester": 4, 
            "section": 2686
        }
    }, 
    {
        "pk": 2687, 
        "model": "courses.semestersection", 
        "fields": {
            "semester": 4, 
            "section": 2687
        }
    }, 
    {
        "pk": 2688, 
        "model": "courses.semestersection", 
        "fields": {
            "semester": 4, 
            "section": 2688
        }
    }, 
    {
        "pk": 2689, 
        "model": "courses.semestersection", 
        "fields": {
            "semester": 4, 
            "section": 2689
        }
    }, 
    {
        "pk": 2690, 
        "model": "courses.semestersection", 
        "fields": {
            "semester": 4, 
            "section": 2690
        }
    }, 
    {
        "pk": 4902, 
        "model": "courses.semestersection", 
        "fields": {
            "semester": 5, 
            "section": 4902
        }
    }, 
    {
        "pk": 4903, 
        "model": "courses.semestersection", 
        "fields": {
            "semester": 5, 
            "section": 4903
        }
    }, 
    {
        "pk": 4904, 
        "model": "courses.semestersection", 
        "fields": {
            "semester": 5, 
            "section": 4904
        }
    }, 
    {
        "pk": 7507, 
        "model": "courses.semestersection", 
        "fields": {
            "semester": 7, 
            "section": 7507
        }
    }, 
    {
        "pk": 7508, 
        "model": "courses.semestersection", 
        "fields": {
            "semester": 7, 
            "section": 7508
        }
    }, 
    {
        "pk": 7509, 
        "model": "courses.semestersection", 
        "fields": {
            "semester": 7, 
            "section": 7509
        }
    }, 
    {
        "pk": 7510, 
        "model": "courses.semestersection", 
        "fields": {
            "semester": 7, 
            "section": 7510
        }
    }, 
    {
        "pk": 7511, 
        "model": "courses.semestersection", 
        "fields": {
            "semester": 7, 
            "section": 7511
        }
    }, 
    {
        "pk": 7512, 
        "model": "courses.semestersection", 
        "fields": {
            "semester": 7, 
            "section": 7512
        }
    }, 
    {
        "pk": 7513, 
        "model": "courses.semestersection", 
        "fields": {
            "semester": 7, 
            "section": 7513
        }
    }, 
    {
        "pk": 7514, 
        "model": "courses.semestersection", 
        "fields": {
            "semester": 7, 
            "section": 7514
        }
    }, 
    {
        "pk": 7515, 
        "model": "courses.semestersection", 
        "fields": {
            "semester": 7, 
            "section": 7515
        }
    }, 
    {
        "pk": 7516, 
        "model": "courses.semestersection", 
        "fields": {
            "semester": 7, 
            "section": 7516
        }
    }, 
    {
        "pk": 7517, 
        "model": "courses.semestersection", 
        "fields": {
            "semester": 7, 
            "section": 7517
        }
    }, 
    {
        "pk": 7518, 
        "model": "courses.semestersection", 
        "fields": {
            "semester": 7, 
            "section": 7518
        }
    }, 
    {
        "pk": 7519, 
        "model": "courses.semestersection", 
        "fields": {
            "semester": 7, 
            "section": 7519
        }
    }, 
    {
        "pk": 7520, 
        "model": "courses.semestersection", 
        "fields": {
            "semester": 7, 
            "section": 7520
        }
    }, 
    {
        "pk": 7521, 
        "model": "courses.semestersection", 
        "fields": {
            "semester": 7, 
            "section": 7521
        }
    }, 
    {
        "pk": 7522, 
        "model": "courses.semestersection", 
        "fields": {
            "semester": 7, 
            "section": 7522
        }
    }, 
    {
        "pk": 7523, 
        "model": "courses.semestersection", 
        "fields": {
            "semester": 7, 
            "section": 7523
        }
    }, 
    {
        "pk": 7524, 
        "model": "courses.semestersection", 
        "fields": {
            "semester": 7, 
            "section": 7524
        }
    }, 
    {
        "pk": 7525, 
        "model": "courses.semestersection", 
        "fields": {
            "semester": 7, 
            "section": 7525
        }
    }, 
    {
        "pk": 7526, 
        "model": "courses.semestersection", 
        "fields": {
            "semester": 7, 
            "section": 7526
        }
    }, 
    {
        "pk": 7527, 
        "model": "courses.semestersection", 
        "fields": {
            "semester": 7, 
            "section": 7527
        }
    }, 
    {
        "pk": 7528, 
        "model": "courses.semestersection", 
        "fields": {
            "semester": 7, 
            "section": 7528
        }
    }, 
    {
        "pk": 7529, 
        "model": "courses.semestersection", 
        "fields": {
            "semester": 7, 
            "section": 7529
        }
    }, 
    {
        "pk": 7530, 
        "model": "courses.semestersection", 
        "fields": {
            "semester": 7, 
            "section": 7530
        }
    }, 
    {
        "pk": 28, 
        "model": "courses.department", 
        "fields": {
            "code": "MATH", 
            "name": "Mathematics"
        }
    }, 
    {
        "pk": 2, 
        "model": "courses.semester", 
        "fields": {
            "date_updated": "2011-09-25 17:36:15", 
            "month": 1, 
            "ref": "201001.xml", 
            "name": "Spring 2010", 
            "year": 2010
        }
    }, 
    {
        "pk": 4, 
        "model": "courses.semester", 
        "fields": {
            "date_updated": "2011-09-25 17:36:37", 
            "month": 9, 
            "ref": "201009.xml", 
            "name": "Fall 2010", 
            "year": 2010
        }
    }, 
    {
        "pk": 5, 
        "model": "courses.semester", 
        "fields": {
            "date_updated": "2011-09-25 17:36:58", 
            "month": 1, 
            "ref": "201101.xml", 
            "name": "Spring 2011", 
            "year": 2011
        }
    }, 
    {
        "pk": 7, 
        "model": "courses.semester", 
        "fields": {
            "date_updated": "2011-09-25 17:37:20", 
            "month": 9, 
            "ref": "201109.xml", 
            "name": "Fall 2011", 
            "year": 2011
        }
    }, 
    {
        "pk": 54, 
        "model": "courses.period", 
        "fields": {
            "start": "14:00:00", 
            "days_of_week_flag": 13, 
            "end": "14:50:00"
        }
    }, 
    {
        "pk": 218, 
        "model": "courses.section", 
        "fields": {
            "seats_total": 30, 
            "number": 1, 
            "crosslisted": null, 
            "course": 96, 
            "crn": 50156, 
            "seats_taken": 30
        }
    }, 
    {
        "pk": 55, 
        "model": "courses.period", 
        "fields": {
            "start": "09:00:00", 
            "days_of_week_flag": 18, 
            "end": "09:50:00"
        }
    }, 
    {
        "pk": 219, 
        "model": "courses.section", 
        "fields": {
            "seats_total": 30, 
            "number": 2, 
            "crosslisted": null, 
            "course": 96, 
            "crn": 50631, 
            "seats_taken": 17
        }
    }, 
    {
        "pk": 56, 
        "model": "courses.period", 
        "fields": {
            "start": "08:00:00", 
            "days_of_week_flag": 18, 
            "end": "08:50:00"
        }
    }, 
    {
        "pk": 220, 
        "model": "courses.section", 
        "fields": {
            "seats_total": 30, 
            "number": 3, 
            "crosslisted": null, 
            "course": 96, 
            "crn": 51680, 
            "seats_taken": 28
        }
    }, 
    {
        "pk": 57, 
        "model": "courses.period", 
        "fields": {
            "start": "16:00:00", 
            "days_of_week_flag": 18, 
            "end": "16:50:00"
        }
    }, 
    {
        "pk": 31, 
        "model": "courses.period", 
        "fields": {
            "start": "14:00:00", 
            "days_of_week_flag": 18, 
            "end": "15:20:00"
        }
    }, 
    {
        "pk": 2667, 
        "model": "courses.section", 
        "fields": {
            "seats_total": 30, 
            "number": 1, 
            "crosslisted": null, 
            "course": 96, 
            "crn": 65147, 
            "seats_taken": 28
        }
    }, 
    {
        "pk": 38, 
        "model": "courses.period", 
        "fields": {
            "start": "08:00:00", 
            "days_of_week_flag": 1, 
            "end": "08:50:00"
        }
    }, 
    {
        "pk": 2668, 
        "model": "courses.section", 
        "fields": {
            "seats_total": 30, 
            "number": 2, 
            "crosslisted": null, 
            "course": 96, 
            "crn": 65148, 
            "seats_taken": 29
        }
    }, 
    {
        "pk": 36, 
        "model": "courses.period", 
        "fields": {
            "start": "08:00:00", 
            "days_of_week_flag": 8, 
            "end": "08:50:00"
        }
    }, 
    {
        "pk": 2669, 
        "model": "courses.section", 
        "fields": {
            "seats_total": 30, 
            "number": 3, 
            "crosslisted": null, 
            "course": 96, 
            "crn": 65149, 
            "seats_taken": 29
        }
    }, 
    {
        "pk": 25, 
        "model": "courses.period", 
        "fields": {
            "start": "15:00:00", 
            "days_of_week_flag": 1, 
            "end": "15:50:00"
        }
    }, 
    {
        "pk": 2670, 
        "model": "courses.section", 
        "fields": {
            "seats_total": 30, 
            "number": 4, 
            "crosslisted": null, 
            "course": 96, 
            "crn": 65150, 
            "seats_taken": 26
        }
    }, 
    {
        "pk": 26, 
        "model": "courses.period", 
        "fields": {
            "start": "15:00:00", 
            "days_of_week_flag": 8, 
            "end": "15:50:00"
        }
    }, 
    {
        "pk": 91, 
        "model": "courses.period", 
        "fields": {
            "start": "13:00:00", 
            "days_of_week_flag": 13, 
            "end": "13:50:00"
        }
    }, 
    {
        "pk": 2671, 
        "model": "courses.section", 
        "fields": {
            "seats_total": 30, 
            "number": 5, 
            "crosslisted": null, 
            "course": 96, 
            "crn": 65151, 
            "seats_taken": 28
        }
    }, 
    {
        "pk": 96, 
        "model": "courses.period", 
        "fields": {
            "start": "08:00:00", 
            "days_of_week_flag": 2, 
            "end": "08:50:00"
        }
    }, 
    {
        "pk": 2672, 
        "model": "courses.section", 
        "fields": {
            "seats_total": 30, 
            "number": 6, 
            "crosslisted": null, 
            "course": 96, 
            "crn": 65152, 
            "seats_taken": 29
        }
    }, 
    {
        "pk": 97, 
        "model": "courses.period", 
        "fields": {
            "start": "08:00:00", 
            "days_of_week_flag": 16, 
            "end": "08:50:00"
        }
    }, 
    {
        "pk": 2673, 
        "model": "courses.section", 
        "fields": {
            "seats_total": 30, 
            "number": 7, 
            "crosslisted": null, 
            "course": 96, 
            "crn": 65153, 
            "seats_taken": 31
        }
    }, 
    {
        "pk": 41, 
        "model": "courses.period", 
        "fields": {
            "start": "09:00:00", 
            "days_of_week_flag": 2, 
            "end": "09:50:00"
        }
    }, 
    {
        "pk": 2674, 
        "model": "courses.section", 
        "fields": {
            "seats_total": 30, 
            "number": 8, 
            "crosslisted": null, 
            "course": 96, 
            "crn": 65154, 
            "seats_taken": 27
        }
    }, 
    {
        "pk": 93, 
        "model": "courses.period", 
        "fields": {
            "start": "09:00:00", 
            "days_of_week_flag": 16, 
            "end": "09:50:00"
        }
    }, 
    {
        "pk": 72, 
        "model": "courses.period", 
        "fields": {
            "start": "08:30:00", 
            "days_of_week_flag": 18, 
            "end": "09:50:00"
        }
    }, 
    {
        "pk": 2675, 
        "model": "courses.section", 
        "fields": {
            "seats_total": 30, 
            "number": 9, 
            "crosslisted": null, 
            "course": 96, 
            "crn": 65407, 
            "seats_taken": 28
        }
    }, 
    {
        "pk": 2676, 
        "model": "courses.section", 
        "fields": {
            "seats_total": 30, 
            "number": 10, 
            "crosslisted": null, 
            "course": 96, 
            "crn": 65408, 
            "seats_taken": 17
        }
    }, 
    {
        "pk": 2677, 
        "model": "courses.section", 
        "fields": {
            "seats_total": 30, 
            "number": 11, 
            "crosslisted": null, 
            "course": 96, 
            "crn": 65409, 
            "seats_taken": 14
        }
    }, 
    {
        "pk": 126, 
        "model": "courses.period", 
        "fields": {
            "start": "12:00:00", 
            "days_of_week_flag": 1, 
            "end": "12:50:00"
        }
    }, 
    {
        "pk": 2678, 
        "model": "courses.section", 
        "fields": {
            "seats_total": 30, 
            "number": 12, 
            "crosslisted": null, 
            "course": 96, 
            "crn": 65310, 
            "seats_taken": 21
        }
    }, 
    {
        "pk": 164, 
        "model": "courses.period", 
        "fields": {
            "start": "12:00:00", 
            "days_of_week_flag": 8, 
            "end": "12:50:00"
        }
    }, 
    {
        "pk": 250, 
        "model": "courses.period", 
        "fields": {
            "start": "10:30:00", 
            "days_of_week_flag": 18, 
            "end": "11:50:00"
        }
    }, 
    {
        "pk": 2679, 
        "model": "courses.section", 
        "fields": {
            "seats_total": 30, 
            "number": 13, 
            "crosslisted": null, 
            "course": 96, 
            "crn": 65436, 
            "seats_taken": 27
        }
    }, 
    {
        "pk": 35, 
        "model": "courses.period", 
        "fields": {
            "start": "09:00:00", 
            "days_of_week_flag": 1, 
            "end": "09:50:00"
        }
    }, 
    {
        "pk": 2680, 
        "model": "courses.section", 
        "fields": {
            "seats_total": 30, 
            "number": 14, 
            "crosslisted": null, 
            "course": 96, 
            "crn": 65437, 
            "seats_taken": 22
        }
    }, 
    {
        "pk": 37, 
        "model": "courses.period", 
        "fields": {
            "start": "09:00:00", 
            "days_of_week_flag": 8, 
            "end": "09:50:00"
        }
    }, 
    {
        "pk": 2681, 
        "model": "courses.section", 
        "fields": {
            "seats_total": 30, 
            "number": 15, 
            "crosslisted": null, 
            "course": 96, 
            "crn": 65438, 
            "seats_taken": 20
        }
    }, 
    {
        "pk": 2682, 
        "model": "courses.section", 
        "fields": {
            "seats_total": 30, 
            "number": 16, 
            "crosslisted": null, 
            "course": 96, 
            "crn": 65439, 
            "seats_taken": 17
        }
    }, 
    {
        "pk": 251, 
        "model": "courses.period", 
        "fields": {
            "start": "15:00:00", 
            "days_of_week_flag": 13, 
            "end": "15:50:00"
        }
    }, 
    {
        "pk": 2683, 
        "model": "courses.section", 
        "fields": {
            "seats_total": 30, 
            "number": 17, 
            "crosslisted": null, 
            "course": 96, 
            "crn": 65217, 
            "seats_taken": 32
        }
    }, 
    {
        "pk": 94, 
        "model": "courses.period", 
        "fields": {
            "start": "10:00:00", 
            "days_of_week_flag": 2, 
            "end": "10:50:00"
        }
    }, 
    {
        "pk": 2684, 
        "model": "courses.section", 
        "fields": {
            "seats_total": 30, 
            "number": 18, 
            "crosslisted": null, 
            "course": 96, 
            "crn": 66329, 
            "seats_taken": 17
        }
    }, 
    {
        "pk": 95, 
        "model": "courses.period", 
        "fields": {
            "start": "10:00:00", 
            "days_of_week_flag": 16, 
            "end": "10:50:00"
        }
    }, 
    {
        "pk": 2685, 
        "model": "courses.section", 
        "fields": {
            "seats_total": 30, 
            "number": 19, 
            "crosslisted": null, 
            "course": 96, 
            "crn": 65410, 
            "seats_taken": 23
        }
    }, 
    {
        "pk": 234, 
        "model": "courses.period", 
        "fields": {
            "start": "11:00:00", 
            "days_of_week_flag": 2, 
            "end": "11:50:00"
        }
    }, 
    {
        "pk": 2686, 
        "model": "courses.section", 
        "fields": {
            "seats_total": 30, 
            "number": 20, 
            "crosslisted": null, 
            "course": 96, 
            "crn": 65853, 
            "seats_taken": 16
        }
    }, 
    {
        "pk": 235, 
        "model": "courses.period", 
        "fields": {
            "start": "11:00:00", 
            "days_of_week_flag": 16, 
            "end": "11:50:00"
        }
    }, 
    {
        "pk": 2687, 
        "model": "courses.section", 
        "fields": {
            "seats_total": 30, 
            "number": 21, 
            "crosslisted": null, 
            "course": 96, 
            "crn": 66325, 
            "seats_taken": 17
        }
    }, 
    {
        "pk": 2688, 
        "model": "courses.section", 
        "fields": {
            "seats_total": 30, 
            "number": 22, 
            "crosslisted": null, 
            "course": 96, 
            "crn": 65706, 
            "seats_taken": 5
        }
    }, 
    {
        "pk": 2689, 
        "model": "courses.section", 
        "fields": {
            "seats_total": 30, 
            "number": 23, 
            "crosslisted": null, 
            "course": 96, 
            "crn": 65707, 
            "seats_taken": 17
        }
    }, 
    {
        "pk": 2690, 
        "model": "courses.section", 
        "fields": {
            "seats_total": 30, 
            "number": 24, 
            "crosslisted": null, 
            "course": 96, 
            "crn": 65708, 
            "seats_taken": 17
        }
    }, 
    {
        "pk": 4902, 
        "model": "courses.section", 
        "fields": {
            "seats_total": 30, 
            "number": 1, 
            "crosslisted": null, 
            "course": 96, 
            "crn": 73054, 
            "seats_taken": 18
        }
    }, 
    {
        "pk": 4903, 
        "model": "courses.section", 
        "fields": {
            "seats_total": 30, 
            "number": 2, 
            "crosslisted": null, 
            "course": 96, 
            "crn": 73480, 
            "seats_taken": 8
        }
    }, 
    {
        "pk": 4904, 
        "model": "courses.section", 
        "fields": {
            "seats_total": 30, 
            "number": 3, 
            "crosslisted": null, 
            "course": 96, 
            "crn": 74458, 
            "seats_taken": 27
        }
    }, 
    {
        "pk": 7507, 
        "model": "courses.section", 
        "fields": {
            "seats_total": 30, 
            "number": 1, 
            "crosslisted": null, 
            "course": 96, 
            "crn": 85138, 
            "seats_taken": 28
        }
    }, 
    {
        "pk": 7508, 
        "model": "courses.section", 
        "fields": {
            "seats_total": 30, 
            "number": 2, 
            "crosslisted": null, 
            "course": 96, 
            "crn": 85139, 
            "seats_taken": 30
        }
    }, 
    {
        "pk": 7509, 
        "model": "courses.section", 
        "fields": {
            "seats_total": 30, 
            "number": 3, 
            "crosslisted": null, 
            "course": 96, 
            "crn": 85140, 
            "seats_taken": 30
        }
    }, 
    {
        "pk": 7510, 
        "model": "courses.section", 
        "fields": {
            "seats_total": 30, 
            "number": 4, 
            "crosslisted": null, 
            "course": 96, 
            "crn": 85141, 
            "seats_taken": 28
        }
    }, 
    {
        "pk": 32, 
        "model": "courses.period", 
        "fields": {
            "start": "10:00:00", 
            "days_of_week_flag": 9, 
            "end": "11:20:00"
        }
    }, 
    {
        "pk": 7511, 
        "model": "courses.section", 
        "fields": {
            "seats_total": 30, 
            "number": 5, 
            "crosslisted": null, 
            "course": 96, 
            "crn": 85142, 
            "seats_taken": 31
        }
    }, 
    {
        "pk": 7512, 
        "model": "courses.section", 
        "fields": {
            "seats_total": 30, 
            "number": 6, 
            "crosslisted": null, 
            "course": 96, 
            "crn": 85143, 
            "seats_taken": 29
        }
    }, 
    {
        "pk": 7513, 
        "model": "courses.section", 
        "fields": {
            "seats_total": 30, 
            "number": 7, 
            "crosslisted": null, 
            "course": 96, 
            "crn": 85144, 
            "seats_taken": 30
        }
    }, 
    {
        "pk": 7514, 
        "model": "courses.section", 
        "fields": {
            "seats_total": 30, 
            "number": 8, 
            "crosslisted": null, 
            "course": 96, 
            "crn": 85145, 
            "seats_taken": 30
        }
    }, 
    {
        "pk": 10, 
        "model": "courses.period", 
        "fields": {
            "start": "10:00:00", 
            "days_of_week_flag": 18, 
            "end": "11:20:00"
        }
    }, 
    {
        "pk": 7515, 
        "model": "courses.section", 
        "fields": {
            "seats_total": 30, 
            "number": 9, 
            "crosslisted": null, 
            "course": 96, 
            "crn": 85389, 
            "seats_taken": 30
        }
    }, 
    {
        "pk": 7516, 
        "model": "courses.section", 
        "fields": {
            "seats_total": 30, 
            "number": 10, 
            "crosslisted": null, 
            "course": 96, 
            "crn": 85390, 
            "seats_taken": 30
        }
    }, 
    {
        "pk": 7517, 
        "model": "courses.section", 
        "fields": {
            "seats_total": 30, 
            "number": 11, 
            "crosslisted": null, 
            "course": 96, 
            "crn": 85391, 
            "seats_taken": 20
        }
    }, 
    {
        "pk": 7518, 
        "model": "courses.section", 
        "fields": {
            "seats_total": 30, 
            "number": 12, 
            "crosslisted": null, 
            "course": 96, 
            "crn": 85299, 
            "seats_taken": 16
        }
    }, 
    {
        "pk": 34, 
        "model": "courses.period", 
        "fields": {
            "start": "12:00:00", 
            "days_of_week_flag": 18, 
            "end": "13:20:00"
        }
    }, 
    {
        "pk": 7519, 
        "model": "courses.section", 
        "fields": {
            "seats_total": 30, 
            "number": 13, 
            "crosslisted": null, 
            "course": 96, 
            "crn": 85416, 
            "seats_taken": 30
        }
    }, 
    {
        "pk": 7520, 
        "model": "courses.section", 
        "fields": {
            "seats_total": 30, 
            "number": 14, 
            "crosslisted": null, 
            "course": 96, 
            "crn": 85417, 
            "seats_taken": 27
        }
    }, 
    {
        "pk": 7521, 
        "model": "courses.section", 
        "fields": {
            "seats_total": 30, 
            "number": 15, 
            "crosslisted": null, 
            "course": 96, 
            "crn": 85418, 
            "seats_taken": 24
        }
    }, 
    {
        "pk": 7522, 
        "model": "courses.section", 
        "fields": {
            "seats_total": 30, 
            "number": 16, 
            "crosslisted": null, 
            "course": 96, 
            "crn": 85419, 
            "seats_taken": 27
        }
    }, 
    {
        "pk": 59, 
        "model": "courses.period", 
        "fields": {
            "start": "12:30:00", 
            "days_of_week_flag": 9, 
            "end": "13:50:00"
        }
    }, 
    {
        "pk": 7523, 
        "model": "courses.section", 
        "fields": {
            "seats_total": 30, 
            "number": 17, 
            "crosslisted": null, 
            "course": 96, 
            "crn": 85207, 
            "seats_taken": 30
        }
    }, 
    {
        "pk": 7524, 
        "model": "courses.section", 
        "fields": {
            "seats_total": 30, 
            "number": 18, 
            "crosslisted": null, 
            "course": 96, 
            "crn": 86274, 
            "seats_taken": 29
        }
    }, 
    {
        "pk": 7525, 
        "model": "courses.section", 
        "fields": {
            "seats_total": 30, 
            "number": 19, 
            "crosslisted": null, 
            "course": 96, 
            "crn": 85392, 
            "seats_taken": 30
        }
    }, 
    {
        "pk": 7526, 
        "model": "courses.section", 
        "fields": {
            "seats_total": 30, 
            "number": 20, 
            "crosslisted": null, 
            "course": 96, 
            "crn": 85808, 
            "seats_taken": 21
        }
    }, 
    {
        "pk": 7527, 
        "model": "courses.section", 
        "fields": {
            "seats_total": 30, 
            "number": 21, 
            "crosslisted": null, 
            "course": 96, 
            "crn": 86270, 
            "seats_taken": 10
        }
    }, 
    {
        "pk": 7528, 
        "model": "courses.section", 
        "fields": {
            "seats_total": 30, 
            "number": 22, 
            "crosslisted": null, 
            "course": 96, 
            "crn": 85668, 
            "seats_taken": 7
        }
    }, 
    {
        "pk": 7529, 
        "model": "courses.section", 
        "fields": {
            "seats_total": 30, 
            "number": 23, 
            "crosslisted": null, 
            "course": 96, 
            "crn": 85669, 
            "seats_taken": 6
        }
    }, 
    {
        "pk": 7530, 
        "model": "courses.section", 
        "fields": {
            "seats_total": 30, 
            "number": 24, 
            "crosslisted": null, 
            "course": 96, 
            "crn": 85670, 
            "seats_taken": 10
        }
    }, 
    {
        "pk": 3, 
        "model": "courses.semester", 
        "fields": {
            "date_updated": "2011-09-25 17:36:16", 
            "month": 5, 
            "ref": "201005.xml", 
            "name": "Summer 2010", 
            "year": 2010
        }
    }, 
    {
        "pk": 6, 
        "model": "courses.semester", 
        "fields": {
            "date_updated": "2011-09-25 17:36:59", 
            "month": 5, 
            "ref": "201105.xml", 
            "name": "Summer 2011", 
            "year": 2011
        }
    }
]