[
    {
        "pk": 864, 
        "model": "courses.course", 
        "fields": {
            "name": "CALCULUS II", 
            "min_credits": 4, 
            "grade_type": "", 
            "number": 1020, 
            "max_credits": 4, 
            "department": 28
        }
    }, 
    {
        "pk": 1229, 
        "model": "courses.sectionperiod", 
        "fields": {
            "kind": "LEC", 
            "section": 2264, 
            "period": 107, 
            "semester": 2, 
            "location": "DARRIN 318", 
            "instructor": "McLaughlin"
        }
    }, 
    {
        "pk": 1230, 
        "model": "courses.sectionperiod", 
        "fields": {
            "kind": "REC", 
            "section": 2264, 
            "period": 62, 
            "semester": 2, 
            "location": "DARRIN 308", 
            "instructor": "Staff"
        }
    }, 
    {
        "pk": 1231, 
        "model": "courses.sectionperiod", 
        "fields": {
            "kind": "", 
            "section": 2264, 
            "period": 230, 
            "semester": 2, 
            "location": "EATON 216", 
            "instructor": "Staff"
        }
    }, 
    {
        "pk": 1232, 
        "model": "courses.sectionperiod", 
        "fields": {
            "kind": "LEC", 
            "section": 2265, 
            "period": 107, 
            "semester": 2, 
            "location": "DARRIN 318", 
            "instructor": "McLaughlin"
        }
    }, 
    {
        "pk": 1233, 
        "model": "courses.sectionperiod", 
        "fields": {
            "kind": "REC", 
            "section": 2265, 
            "period": 62, 
            "semester": 2, 
            "location": "DARRIN 308", 
            "instructor": "Staff"
        }
    }, 
    {
        "pk": 1234, 
        "model": "courses.sectionperiod", 
        "fields": {
            "kind": "REC", 
            "section": 2265, 
            "period": 231, 
            "semester": 2, 
            "location": "EATON 216", 
            "instructor": "Staff"
        }
    }, 
    {
        "pk": 1235, 
        "model": "courses.sectionperiod", 
        "fields": {
            "kind": "LEC", 
            "section": 2266, 
            "period": 107, 
            "semester": 2, 
            "location": "DARRIN 318", 
            "instructor": "McLaughlin"
        }
    }, 
    {
        "pk": 1236, 
        "model": "courses.sectionperiod", 
        "fields": {
            "kind": "REC", 
            "section": 2266, 
            "period": 38, 
            "semester": 2, 
            "location": "EATON 216", 
            "instructor": "Staff"
        }
    }, 
    {
        "pk": 1237, 
        "model": "courses.sectionperiod", 
        "fields": {
            "kind": "REC", 
            "section": 2266, 
            "period": 62, 
            "semester": 2, 
            "location": "DARRIN 308", 
            "instructor": "Staff"
        }
    }, 
    {
        "pk": 1238, 
        "model": "courses.sectionperiod", 
        "fields": {
            "kind": "LEC", 
            "section": 2267, 
            "period": 107, 
            "semester": 2, 
            "location": "DARRIN 318", 
            "instructor": "McLaughlin"
        }
    }, 
    {
        "pk": 1239, 
        "model": "courses.sectionperiod", 
        "fields": {
            "kind": "REC", 
            "section": 2267, 
            "period": 62, 
            "semester": 2, 
            "location": "DARRIN 308", 
            "instructor": "Staff"
        }
    }, 
    {
        "pk": 1240, 
        "model": "courses.sectionperiod", 
        "fields": {
            "kind": "REC", 
            "section": 2267, 
            "period": 36, 
            "semester": 2, 
            "location": "EATON 216", 
            "instructor": "Staff"
        }
    }, 
    {
        "pk": 1241, 
        "model": "courses.sectionperiod", 
        "fields": {
            "kind": "LEC", 
            "section": 2268, 
            "period": 31, 
            "semester": 2, 
            "location": "EATON 214", 
            "instructor": "Turiel"
        }
    }, 
    {
        "pk": 1242, 
        "model": "courses.sectionperiod", 
        "fields": {
            "kind": "REC", 
            "section": 2268, 
            "period": 35, 
            "semester": 2, 
            "location": "EATON 216", 
            "instructor": "Staff"
        }
    }, 
    {
        "pk": 1243, 
        "model": "courses.sectionperiod", 
        "fields": {
            "kind": "REC", 
            "section": 2268, 
            "period": 147, 
            "semester": 2, 
            "location": "DARRIN 330", 
            "instructor": "Staff"
        }
    }, 
    {
        "pk": 1244, 
        "model": "courses.sectionperiod", 
        "fields": {
            "kind": "LEC", 
            "section": 2269, 
            "period": 31, 
            "semester": 2, 
            "location": "EATON 214", 
            "instructor": "Turiel"
        }
    }, 
    {
        "pk": 1245, 
        "model": "courses.sectionperiod", 
        "fields": {
            "kind": "REC", 
            "section": 2269, 
            "period": 147, 
            "semester": 2, 
            "location": "DARRIN 330", 
            "instructor": "Staff"
        }
    }, 
    {
        "pk": 1246, 
        "model": "courses.sectionperiod", 
        "fields": {
            "kind": "REC", 
            "section": 2269, 
            "period": 37, 
            "semester": 2, 
            "location": "EATON 216", 
            "instructor": "Staff"
        }
    }, 
    {
        "pk": 1247, 
        "model": "courses.sectionperiod", 
        "fields": {
            "kind": "LEC", 
            "section": 2270, 
            "period": 31, 
            "semester": 2, 
            "location": "EATON 214", 
            "instructor": "Turiel"
        }
    }, 
    {
        "pk": 1248, 
        "model": "courses.sectionperiod", 
        "fields": {
            "kind": "REC", 
            "section": 2270, 
            "period": 38, 
            "semester": 2, 
            "location": "EATON 215", 
            "instructor": "Staff"
        }
    }, 
    {
        "pk": 1249, 
        "model": "courses.sectionperiod", 
        "fields": {
            "kind": "REC", 
            "section": 2270, 
            "period": 147, 
            "semester": 2, 
            "location": "DARRIN 330", 
            "instructor": "Staff"
        }
    }, 
    {
        "pk": 1250, 
        "model": "courses.sectionperiod", 
        "fields": {
            "kind": "LEC", 
            "section": 2271, 
            "period": 31, 
            "semester": 2, 
            "location": "EATON 214", 
            "instructor": "Turiel"
        }
    }, 
    {
        "pk": 1251, 
        "model": "courses.sectionperiod", 
        "fields": {
            "kind": "REC", 
            "section": 2271, 
            "period": 147, 
            "semester": 2, 
            "location": "DARRIN 330", 
            "instructor": "Staff"
        }
    }, 
    {
        "pk": 1252, 
        "model": "courses.sectionperiod", 
        "fields": {
            "kind": "REC", 
            "section": 2271, 
            "period": 36, 
            "semester": 2, 
            "location": "EATON 215", 
            "instructor": "Staff"
        }
    }, 
    {
        "pk": 1253, 
        "model": "courses.sectionperiod", 
        "fields": {
            "kind": "LEC", 
            "section": 2272, 
            "period": 232, 
            "semester": 2, 
            "location": "DARRIN 324", 
            "instructor": "Schmidt"
        }
    }, 
    {
        "pk": 1254, 
        "model": "courses.sectionperiod", 
        "fields": {
            "kind": "REC", 
            "section": 2272, 
            "period": 96, 
            "semester": 2, 
            "location": "SAGE 2715", 
            "instructor": "Staff"
        }
    }, 
    {
        "pk": 1255, 
        "model": "courses.sectionperiod", 
        "fields": {
            "kind": "REC", 
            "section": 2272, 
            "period": 98, 
            "semester": 2, 
            "location": "DARRIN 330", 
            "instructor": "Staff"
        }
    }, 
    {
        "pk": 1256, 
        "model": "courses.sectionperiod", 
        "fields": {
            "kind": "LEC", 
            "section": 2273, 
            "period": 232, 
            "semester": 2, 
            "location": "DARRIN 324", 
            "instructor": "Schmidt"
        }
    }, 
    {
        "pk": 1257, 
        "model": "courses.sectionperiod", 
        "fields": {
            "kind": "REC", 
            "section": 2273, 
            "period": 98, 
            "semester": 2, 
            "location": "DARRIN 330", 
            "instructor": "Staff"
        }
    }, 
    {
        "pk": 1258, 
        "model": "courses.sectionperiod", 
        "fields": {
            "kind": "REC", 
            "section": 2273, 
            "period": 97, 
            "semester": 2, 
            "location": "SAGE 2715", 
            "instructor": "Staff"
        }
    }, 
    {
        "pk": 1259, 
        "model": "courses.sectionperiod", 
        "fields": {
            "kind": "LEC", 
            "section": 2274, 
            "period": 232, 
            "semester": 2, 
            "location": "DARRIN 324", 
            "instructor": "Schmidt"
        }
    }, 
    {
        "pk": 1260, 
        "model": "courses.sectionperiod", 
        "fields": {
            "kind": "REC", 
            "section": 2274, 
            "period": 41, 
            "semester": 2, 
            "location": "SAGE 2715", 
            "instructor": "Staff"
        }
    }, 
    {
        "pk": 1261, 
        "model": "courses.sectionperiod", 
        "fields": {
            "kind": "REC", 
            "section": 2274, 
            "period": 98, 
            "semester": 2, 
            "location": "DARRIN 330", 
            "instructor": "Staff"
        }
    }, 
    {
        "pk": 1262, 
        "model": "courses.sectionperiod", 
        "fields": {
            "kind": "LEC", 
            "section": 2275, 
            "period": 232, 
            "semester": 2, 
            "location": "DARRIN 324", 
            "instructor": "Schmidt"
        }
    }, 
    {
        "pk": 1263, 
        "model": "courses.sectionperiod", 
        "fields": {
            "kind": "REC", 
            "section": 2275, 
            "period": 93, 
            "semester": 2, 
            "location": "SAGE 2715", 
            "instructor": "Staff"
        }
    }, 
    {
        "pk": 1264, 
        "model": "courses.sectionperiod", 
        "fields": {
            "kind": "", 
            "section": 2275, 
            "period": 98, 
            "semester": 2, 
            "location": "DARRIN 330", 
            "instructor": "Staff"
        }
    }, 
    {
        "pk": 1265, 
        "model": "courses.sectionperiod", 
        "fields": {
            "kind": "LEC", 
            "section": 2276, 
            "period": 233, 
            "semester": 2, 
            "location": "DARRIN 324", 
            "instructor": "Schmidt"
        }
    }, 
    {
        "pk": 1266, 
        "model": "courses.sectionperiod", 
        "fields": {
            "kind": "REC", 
            "section": 2276, 
            "period": 94, 
            "semester": 2, 
            "location": "LOW 4040", 
            "instructor": "Staff"
        }
    }, 
    {
        "pk": 1267, 
        "model": "courses.sectionperiod", 
        "fields": {
            "kind": "REC", 
            "section": 2276, 
            "period": 62, 
            "semester": 2, 
            "location": "WEST AUD", 
            "instructor": "Staff"
        }
    }, 
    {
        "pk": 1268, 
        "model": "courses.sectionperiod", 
        "fields": {
            "kind": "LEC", 
            "section": 2277, 
            "period": 233, 
            "semester": 2, 
            "location": "DARRIN 324", 
            "instructor": "Schmidt"
        }
    }, 
    {
        "pk": 1269, 
        "model": "courses.sectionperiod", 
        "fields": {
            "kind": "REC", 
            "section": 2277, 
            "period": 62, 
            "semester": 2, 
            "location": "WEST AUD", 
            "instructor": "Staff"
        }
    }, 
    {
        "pk": 1270, 
        "model": "courses.sectionperiod", 
        "fields": {
            "kind": "REC", 
            "section": 2277, 
            "period": 95, 
            "semester": 2, 
            "location": "JONSSN 3207", 
            "instructor": "Staff"
        }
    }, 
    {
        "pk": 1271, 
        "model": "courses.sectionperiod", 
        "fields": {
            "kind": "LEC", 
            "section": 2278, 
            "period": 233, 
            "semester": 2, 
            "location": "DARRIN 324", 
            "instructor": "Schmidt"
        }
    }, 
    {
        "pk": 1272, 
        "model": "courses.sectionperiod", 
        "fields": {
            "kind": "REC", 
            "section": 2278, 
            "period": 234, 
            "semester": 2, 
            "location": "LOW 3116", 
            "instructor": "Staff"
        }
    }, 
    {
        "pk": 1273, 
        "model": "courses.sectionperiod", 
        "fields": {
            "kind": "REC", 
            "section": 2278, 
            "period": 62, 
            "semester": 2, 
            "location": "WEST AUD", 
            "instructor": "Staff"
        }
    }, 
    {
        "pk": 1274, 
        "model": "courses.sectionperiod", 
        "fields": {
            "kind": "LEC", 
            "section": 2279, 
            "period": 233, 
            "semester": 2, 
            "location": "DARRIN 324", 
            "instructor": "Schmidt"
        }
    }, 
    {
        "pk": 1275, 
        "model": "courses.sectionperiod", 
        "fields": {
            "kind": "REC", 
            "section": 2279, 
            "period": 62, 
            "semester": 2, 
            "location": "WEST AUD", 
            "instructor": "Staff"
        }
    }, 
    {
        "pk": 1276, 
        "model": "courses.sectionperiod", 
        "fields": {
            "kind": "REC", 
            "section": 2279, 
            "period": 235, 
            "semester": 2, 
            "location": "LOW 4040", 
            "instructor": "Staff"
        }
    }, 
    {
        "pk": 1277, 
        "model": "courses.sectionperiod", 
        "fields": {
            "kind": "LEC", 
            "section": 2280, 
            "period": 215, 
            "semester": 2, 
            "location": "DARRIN 308", 
            "instructor": "McLaughlin"
        }
    }, 
    {
        "pk": 1278, 
        "model": "courses.sectionperiod", 
        "fields": {
            "kind": "REC", 
            "section": 2280, 
            "period": 167, 
            "semester": 2, 
            "location": "LOW 4040", 
            "instructor": "Staff"
        }
    }, 
    {
        "pk": 1279, 
        "model": "courses.sectionperiod", 
        "fields": {
            "kind": "REC", 
            "section": 2280, 
            "period": 152, 
            "semester": 2, 
            "location": "SAGE 3303", 
            "instructor": "Staff"
        }
    }, 
    {
        "pk": 1280, 
        "model": "courses.sectionperiod", 
        "fields": {
            "kind": "LEC", 
            "section": 2281, 
            "period": 215, 
            "semester": 2, 
            "location": "DARRIN 308", 
            "instructor": "McLaughlin"
        }
    }, 
    {
        "pk": 1281, 
        "model": "courses.sectionperiod", 
        "fields": {
            "kind": "REC", 
            "section": 2281, 
            "period": 152, 
            "semester": 2, 
            "location": "SAGE 3303", 
            "instructor": "Staff"
        }
    }, 
    {
        "pk": 1282, 
        "model": "courses.sectionperiod", 
        "fields": {
            "kind": "REC", 
            "section": 2281, 
            "period": 168, 
            "semester": 2, 
            "location": "LOW 4040", 
            "instructor": "Staff"
        }
    }, 
    {
        "pk": 1283, 
        "model": "courses.sectionperiod", 
        "fields": {
            "kind": "LEC", 
            "section": 2282, 
            "period": 215, 
            "semester": 2, 
            "location": "DARRIN 308", 
            "instructor": "McLaughlin"
        }
    }, 
    {
        "pk": 1284, 
        "model": "courses.sectionperiod", 
        "fields": {
            "kind": "REC", 
            "section": 2282, 
            "period": 25, 
            "semester": 2, 
            "location": "LOW 4040", 
            "instructor": "Staff"
        }
    }, 
    {
        "pk": 1285, 
        "model": "courses.sectionperiod", 
        "fields": {
            "kind": "REC", 
            "section": 2282, 
            "period": 152, 
            "semester": 2, 
            "location": "SAGE 3303", 
            "instructor": "Staff"
        }
    }, 
    {
        "pk": 1286, 
        "model": "courses.sectionperiod", 
        "fields": {
            "kind": "LEC", 
            "section": 2283, 
            "period": 215, 
            "semester": 2, 
            "location": "DARRIN 308", 
            "instructor": "McLaughlin"
        }
    }, 
    {
        "pk": 1287, 
        "model": "courses.sectionperiod", 
        "fields": {
            "kind": "REC", 
            "section": 2283, 
            "period": 152, 
            "semester": 2, 
            "location": "SAGE 3303", 
            "instructor": "Staff"
        }
    }, 
    {
        "pk": 1288, 
        "model": "courses.sectionperiod", 
        "fields": {
            "kind": "REC", 
            "section": 2283, 
            "period": 26, 
            "semester": 2, 
            "location": "LOW 4040", 
            "instructor": "Staff"
        }
    }, 
    {
        "pk": 1289, 
        "model": "courses.sectionperiod", 
        "fields": {
            "kind": "LEC", 
            "section": 2284, 
            "period": 10, 
            "semester": 2, 
            "location": "SAGE 3303", 
            "instructor": "Piper"
        }
    }, 
    {
        "pk": 1290, 
        "model": "courses.sectionperiod", 
        "fields": {
            "kind": "REC", 
            "section": 2284, 
            "period": 236, 
            "semester": 2, 
            "location": "SAGE 3510", 
            "instructor": "Staff"
        }
    }, 
    {
        "pk": 1291, 
        "model": "courses.sectionperiod", 
        "fields": {
            "kind": "", 
            "section": 2284, 
            "period": 35, 
            "semester": 2, 
            "location": "SAGE 2715", 
            "instructor": "Staff"
        }
    }, 
    {
        "pk": 1292, 
        "model": "courses.sectionperiod", 
        "fields": {
            "kind": "LEC", 
            "section": 2285, 
            "period": 10, 
            "semester": 2, 
            "location": "SAGE 3303", 
            "instructor": "Piper"
        }
    }, 
    {
        "pk": 1293, 
        "model": "courses.sectionperiod", 
        "fields": {
            "kind": "REC", 
            "section": 2285, 
            "period": 236, 
            "semester": 2, 
            "location": "SAGE 3510", 
            "instructor": "Staff"
        }
    }, 
    {
        "pk": 1294, 
        "model": "courses.sectionperiod", 
        "fields": {
            "kind": "REC", 
            "section": 2285, 
            "period": 37, 
            "semester": 2, 
            "location": "SAGE 2715", 
            "instructor": "Staff"
        }
    }, 
    {
        "pk": 1295, 
        "model": "courses.sectionperiod", 
        "fields": {
            "kind": "LEC", 
            "section": 2286, 
            "period": 10, 
            "semester": 2, 
            "location": "SAGE 3303", 
            "instructor": "Piper"
        }
    }, 
    {
        "pk": 1296, 
        "model": "courses.sectionperiod", 
        "fields": {
            "kind": "REC", 
            "section": 2286, 
            "period": 230, 
            "semester": 2, 
            "location": "LOW 3112", 
            "instructor": "Staff"
        }
    }, 
    {
        "pk": 1297, 
        "model": "courses.sectionperiod", 
        "fields": {
            "kind": "REC", 
            "section": 2286, 
            "period": 236, 
            "semester": 2, 
            "location": "SAGE 3510", 
            "instructor": "Staff"
        }
    }, 
    {
        "pk": 1298, 
        "model": "courses.sectionperiod", 
        "fields": {
            "kind": "LEC", 
            "section": 2287, 
            "period": 10, 
            "semester": 2, 
            "location": "SAGE 3303", 
            "instructor": "Piper"
        }
    }, 
    {
        "pk": 1299, 
        "model": "courses.sectionperiod", 
        "fields": {
            "kind": "REC", 
            "section": 2287, 
            "period": 236, 
            "semester": 2, 
            "location": "SAGE 3510", 
            "instructor": "Staff"
        }
    }, 
    {
        "pk": 1300, 
        "model": "courses.sectionperiod", 
        "fields": {
            "kind": "REC", 
            "section": 2287, 
            "period": 231, 
            "semester": 2, 
            "location": "LOW 3112", 
            "instructor": "Staff"
        }
    }, 
    {
        "pk": 2670, 
        "model": "courses.sectionperiod", 
        "fields": {
            "kind": "LEC", 
            "section": 4644, 
            "period": 316, 
            "semester": 4, 
            "location": "SAGE 3510", 
            "instructor": "Kiehl"
        }
    }, 
    {
        "pk": 2671, 
        "model": "courses.sectionperiod", 
        "fields": {
            "kind": "REC", 
            "section": 4644, 
            "period": 38, 
            "semester": 4, 
            "location": "SAGE 2704", 
            "instructor": "Staff"
        }
    }, 
    {
        "pk": 2672, 
        "model": "courses.sectionperiod", 
        "fields": {
            "kind": "TES", 
            "section": 4644, 
            "period": 98, 
            "semester": 4, 
            "location": "DARRIN 318", 
            "instructor": "Staff"
        }
    }, 
    {
        "pk": 2673, 
        "model": "courses.sectionperiod", 
        "fields": {
            "kind": "LEC", 
            "section": 4645, 
            "period": 316, 
            "semester": 4, 
            "location": "SAGE 3510", 
            "instructor": "Kiehl"
        }
    }, 
    {
        "pk": 2674, 
        "model": "courses.sectionperiod", 
        "fields": {
            "kind": "REC", 
            "section": 4645, 
            "period": 36, 
            "semester": 4, 
            "location": "LOW 4034", 
            "instructor": "Staff"
        }
    }, 
    {
        "pk": 2675, 
        "model": "courses.sectionperiod", 
        "fields": {
            "kind": "TES", 
            "section": 4645, 
            "period": 98, 
            "semester": 4, 
            "location": "DARRIN 318", 
            "instructor": "Staff"
        }
    }, 
    {
        "pk": 2676, 
        "model": "courses.sectionperiod", 
        "fields": {
            "kind": "LEC", 
            "section": 4646, 
            "period": 316, 
            "semester": 4, 
            "location": "SAGE 3510", 
            "instructor": "Kiehl"
        }
    }, 
    {
        "pk": 2677, 
        "model": "courses.sectionperiod", 
        "fields": {
            "kind": "REC", 
            "section": 4646, 
            "period": 167, 
            "semester": 4, 
            "location": "EATON 216", 
            "instructor": "Staff"
        }
    }, 
    {
        "pk": 2678, 
        "model": "courses.sectionperiod", 
        "fields": {
            "kind": "TES", 
            "section": 4646, 
            "period": 98, 
            "semester": 4, 
            "location": "DARRIN 318", 
            "instructor": "Staff"
        }
    }, 
    {
        "pk": 2679, 
        "model": "courses.sectionperiod", 
        "fields": {
            "kind": "LEC", 
            "section": 4647, 
            "period": 316, 
            "semester": 4, 
            "location": "SAGE 3510", 
            "instructor": "Kiehl"
        }
    }, 
    {
        "pk": 2680, 
        "model": "courses.sectionperiod", 
        "fields": {
            "kind": "REC", 
            "section": 4647, 
            "period": 168, 
            "semester": 4, 
            "location": "EATON 216", 
            "instructor": "Staff"
        }
    }, 
    {
        "pk": 2681, 
        "model": "courses.sectionperiod", 
        "fields": {
            "kind": "TES", 
            "section": 4647, 
            "period": 98, 
            "semester": 4, 
            "location": "DARRIN 318", 
            "instructor": "Staff"
        }
    }, 
    {
        "pk": 2682, 
        "model": "courses.sectionperiod", 
        "fields": {
            "kind": "LEC", 
            "section": 4648, 
            "period": 304, 
            "semester": 4, 
            "location": "SAGE 3510", 
            "instructor": "Kiehl"
        }
    }, 
    {
        "pk": 2683, 
        "model": "courses.sectionperiod", 
        "fields": {
            "kind": "REC", 
            "section": 4648, 
            "period": 299, 
            "semester": 4, 
            "location": "LOW 4040", 
            "instructor": "Staff"
        }
    }, 
    {
        "pk": 2684, 
        "model": "courses.sectionperiod", 
        "fields": {
            "kind": "TES", 
            "section": 4648, 
            "period": 62, 
            "semester": 4, 
            "location": "SAGE 3510", 
            "instructor": "Staff"
        }
    }, 
    {
        "pk": 2685, 
        "model": "courses.sectionperiod", 
        "fields": {
            "kind": "LEC", 
            "section": 4649, 
            "period": 304, 
            "semester": 4, 
            "location": "SAGE 3510", 
            "instructor": "Kiehl"
        }
    }, 
    {
        "pk": 2686, 
        "model": "courses.sectionperiod", 
        "fields": {
            "kind": "REC", 
            "section": 4649, 
            "period": 145, 
            "semester": 4, 
            "location": "JONSSN 3207", 
            "instructor": "Staff"
        }
    }, 
    {
        "pk": 2687, 
        "model": "courses.sectionperiod", 
        "fields": {
            "kind": "TES", 
            "section": 4649, 
            "period": 62, 
            "semester": 4, 
            "location": "SAGE 3510", 
            "instructor": "Staff"
        }
    }, 
    {
        "pk": 2688, 
        "model": "courses.sectionperiod", 
        "fields": {
            "kind": "LEC", 
            "section": 4650, 
            "period": 304, 
            "semester": 4, 
            "location": "SAGE 3510", 
            "instructor": "Kiehl"
        }
    }, 
    {
        "pk": 2689, 
        "model": "courses.sectionperiod", 
        "fields": {
            "kind": "REC", 
            "section": 4650, 
            "period": 126, 
            "semester": 4, 
            "location": "LOW 3112", 
            "instructor": "Staff"
        }
    }, 
    {
        "pk": 2690, 
        "model": "courses.sectionperiod", 
        "fields": {
            "kind": "TES", 
            "section": 4650, 
            "period": 62, 
            "semester": 4, 
            "location": "SAGE 3510", 
            "instructor": "Staff"
        }
    }, 
    {
        "pk": 2691, 
        "model": "courses.sectionperiod", 
        "fields": {
            "kind": "LEC", 
            "section": 4651, 
            "period": 304, 
            "semester": 4, 
            "location": "SAGE 3510", 
            "instructor": "Kiehl"
        }
    }, 
    {
        "pk": 2692, 
        "model": "courses.sectionperiod", 
        "fields": {
            "kind": "REC", 
            "section": 4651, 
            "period": 164, 
            "semester": 4, 
            "location": "EATON 215", 
            "instructor": "Staff"
        }
    }, 
    {
        "pk": 2693, 
        "model": "courses.sectionperiod", 
        "fields": {
            "kind": "TES", 
            "section": 4651, 
            "period": 62, 
            "semester": 4, 
            "location": "SAGE 3510", 
            "instructor": "Staff"
        }
    }, 
    {
        "pk": 2694, 
        "model": "courses.sectionperiod", 
        "fields": {
            "kind": "LEC", 
            "section": 4652, 
            "period": 165, 
            "semester": 4, 
            "location": "DARRIN 318", 
            "instructor": "Ecker"
        }
    }, 
    {
        "pk": 2695, 
        "model": "courses.sectionperiod", 
        "fields": {
            "kind": "REC", 
            "section": 4652, 
            "period": 41, 
            "semester": 4, 
            "location": "LOW 3116", 
            "instructor": "Staff"
        }
    }, 
    {
        "pk": 2696, 
        "model": "courses.sectionperiod", 
        "fields": {
            "kind": "TES", 
            "section": 4652, 
            "period": 236, 
            "semester": 4, 
            "location": "DARRIN 330", 
            "instructor": "Staff"
        }
    }, 
    {
        "pk": 2697, 
        "model": "courses.sectionperiod", 
        "fields": {
            "kind": "LEC", 
            "section": 4653, 
            "period": 165, 
            "semester": 4, 
            "location": "DARRIN 318", 
            "instructor": "Ecker"
        }
    }, 
    {
        "pk": 2698, 
        "model": "courses.sectionperiod", 
        "fields": {
            "kind": "REC", 
            "section": 4653, 
            "period": 93, 
            "semester": 4, 
            "location": "SAGE 2112", 
            "instructor": "Staff"
        }
    }, 
    {
        "pk": 2699, 
        "model": "courses.sectionperiod", 
        "fields": {
            "kind": "TES", 
            "section": 4653, 
            "period": 236, 
            "semester": 4, 
            "location": "DARRIN 330", 
            "instructor": "Staff"
        }
    }, 
    {
        "pk": 2700, 
        "model": "courses.sectionperiod", 
        "fields": {
            "kind": "LEC", 
            "section": 4654, 
            "period": 165, 
            "semester": 4, 
            "location": "DARRIN 318", 
            "instructor": "Ecker"
        }
    }, 
    {
        "pk": 2701, 
        "model": "courses.sectionperiod", 
        "fields": {
            "kind": "REC", 
            "section": 4654, 
            "period": 161, 
            "semester": 4, 
            "location": "SAGE 2112", 
            "instructor": "Staff"
        }
    }, 
    {
        "pk": 2702, 
        "model": "courses.sectionperiod", 
        "fields": {
            "kind": "TES", 
            "section": 4654, 
            "period": 236, 
            "semester": 4, 
            "location": "DARRIN 330", 
            "instructor": "Staff"
        }
    }, 
    {
        "pk": 2703, 
        "model": "courses.sectionperiod", 
        "fields": {
            "kind": "LEC", 
            "section": 4655, 
            "period": 165, 
            "semester": 4, 
            "location": "DARRIN 318", 
            "instructor": "Ecker"
        }
    }, 
    {
        "pk": 2704, 
        "model": "courses.sectionperiod", 
        "fields": {
            "kind": "REC", 
            "section": 4655, 
            "period": 162, 
            "semester": 4, 
            "location": "JONSSN 3207", 
            "instructor": "Staff"
        }
    }, 
    {
        "pk": 2705, 
        "model": "courses.sectionperiod", 
        "fields": {
            "kind": "TES", 
            "section": 4655, 
            "period": 236, 
            "semester": 4, 
            "location": "DARRIN 330", 
            "instructor": "Staff"
        }
    }, 
    {
        "pk": 2706, 
        "model": "courses.sectionperiod", 
        "fields": {
            "kind": "LEC", 
            "section": 4656, 
            "period": 233, 
            "semester": 4, 
            "location": "SAGE 3510", 
            "instructor": "Ecker"
        }
    }, 
    {
        "pk": 2707, 
        "model": "courses.sectionperiod", 
        "fields": {
            "kind": "REC", 
            "section": 4656, 
            "period": 94, 
            "semester": 4, 
            "location": "SAGE 2715", 
            "instructor": "Staff"
        }
    }, 
    {
        "pk": 2708, 
        "model": "courses.sectionperiod", 
        "fields": {
            "kind": "TES", 
            "section": 4656, 
            "period": 147, 
            "semester": 4, 
            "location": "WEST AUD", 
            "instructor": "Staff"
        }
    }, 
    {
        "pk": 2709, 
        "model": "courses.sectionperiod", 
        "fields": {
            "kind": "LEC", 
            "section": 4657, 
            "period": 233, 
            "semester": 4, 
            "location": "SAGE 3510", 
            "instructor": "Ecker"
        }
    }, 
    {
        "pk": 2710, 
        "model": "courses.sectionperiod", 
        "fields": {
            "kind": "REC", 
            "section": 4657, 
            "period": 95, 
            "semester": 4, 
            "location": "LOW 3112", 
            "instructor": "Staff"
        }
    }, 
    {
        "pk": 2711, 
        "model": "courses.sectionperiod", 
        "fields": {
            "kind": "TES", 
            "section": 4657, 
            "period": 147, 
            "semester": 4, 
            "location": "WEST AUD", 
            "instructor": "Staff"
        }
    }, 
    {
        "pk": 2712, 
        "model": "courses.sectionperiod", 
        "fields": {
            "kind": "LEC", 
            "section": 4658, 
            "period": 233, 
            "semester": 4, 
            "location": "SAGE 3510", 
            "instructor": "Ecker"
        }
    }, 
    {
        "pk": 2713, 
        "model": "courses.sectionperiod", 
        "fields": {
            "kind": "REC", 
            "section": 4658, 
            "period": 234, 
            "semester": 4, 
            "location": "LOW 4034", 
            "instructor": "Staff"
        }
    }, 
    {
        "pk": 2714, 
        "model": "courses.sectionperiod", 
        "fields": {
            "kind": "TES", 
            "section": 4658, 
            "period": 147, 
            "semester": 4, 
            "location": "WEST AUD", 
            "instructor": "Staff"
        }
    }, 
    {
        "pk": 2715, 
        "model": "courses.sectionperiod", 
        "fields": {
            "kind": "LEC", 
            "section": 4659, 
            "period": 233, 
            "semester": 4, 
            "location": "SAGE 3510", 
            "instructor": "Ecker"
        }
    }, 
    {
        "pk": 2716, 
        "model": "courses.sectionperiod", 
        "fields": {
            "kind": "REC", 
            "section": 4659, 
            "period": 235, 
            "semester": 4, 
            "location": "LOW 4034", 
            "instructor": "Staff"
        }
    }, 
    {
        "pk": 2717, 
        "model": "courses.sectionperiod", 
        "fields": {
            "kind": "TES", 
            "section": 4659, 
            "period": 147, 
            "semester": 4, 
            "location": "WEST AUD", 
            "instructor": "Staff"
        }
    }, 
    {
        "pk": 3941, 
        "model": "courses.sectionperiod", 
        "fields": {
            "kind": "LEC", 
            "section": 7146, 
            "period": 10, 
            "semester": 5, 
            "location": "DARRIN 308", 
            "instructor": "Kiehl"
        }
    }, 
    {
        "pk": 3942, 
        "model": "courses.sectionperiod", 
        "fields": {
            "kind": "REC", 
            "section": 7146, 
            "period": 62, 
            "semester": 5, 
            "location": "DARRIN 318", 
            "instructor": "Staff"
        }
    }, 
    {
        "pk": 3943, 
        "model": "courses.sectionperiod", 
        "fields": {
            "kind": "", 
            "section": 7146, 
            "period": 230, 
            "semester": 5, 
            "location": "EATON 216", 
            "instructor": "Staff"
        }
    }, 
    {
        "pk": 3944, 
        "model": "courses.sectionperiod", 
        "fields": {
            "kind": "LEC", 
            "section": 7147, 
            "period": 10, 
            "semester": 5, 
            "location": "DARRIN 308", 
            "instructor": "Kiehl"
        }
    }, 
    {
        "pk": 3945, 
        "model": "courses.sectionperiod", 
        "fields": {
            "kind": "REC", 
            "section": 7147, 
            "period": 62, 
            "semester": 5, 
            "location": "DARRIN 318", 
            "instructor": "Staff"
        }
    }, 
    {
        "pk": 3946, 
        "model": "courses.sectionperiod", 
        "fields": {
            "kind": "REC", 
            "section": 7147, 
            "period": 231, 
            "semester": 5, 
            "location": "EATON 216", 
            "instructor": "Staff"
        }
    }, 
    {
        "pk": 3947, 
        "model": "courses.sectionperiod", 
        "fields": {
            "kind": "LEC", 
            "section": 7148, 
            "period": 10, 
            "semester": 5, 
            "location": "DARRIN 308", 
            "instructor": "Kiehl"
        }
    }, 
    {
        "pk": 3948, 
        "model": "courses.sectionperiod", 
        "fields": {
            "kind": "REC", 
            "section": 7148, 
            "period": 38, 
            "semester": 5, 
            "location": "JONSSN 3207", 
            "instructor": "Staff"
        }
    }, 
    {
        "pk": 3949, 
        "model": "courses.sectionperiod", 
        "fields": {
            "kind": "REC", 
            "section": 7148, 
            "period": 62, 
            "semester": 5, 
            "location": "DARRIN 318", 
            "instructor": "Staff"
        }
    }, 
    {
        "pk": 3950, 
        "model": "courses.sectionperiod", 
        "fields": {
            "kind": "LEC", 
            "section": 7149, 
            "period": 10, 
            "semester": 5, 
            "location": "DARRIN 308", 
            "instructor": "Kiehl"
        }
    }, 
    {
        "pk": 3951, 
        "model": "courses.sectionperiod", 
        "fields": {
            "kind": "REC", 
            "section": 7149, 
            "period": 62, 
            "semester": 5, 
            "location": "DARRIN 318", 
            "instructor": "Staff"
        }
    }, 
    {
        "pk": 3952, 
        "model": "courses.sectionperiod", 
        "fields": {
            "kind": "REC", 
            "section": 7149, 
            "period": 36, 
            "semester": 5, 
            "location": "LOW 4034", 
            "instructor": "Staff"
        }
    }, 
    {
        "pk": 3953, 
        "model": "courses.sectionperiod", 
        "fields": {
            "kind": "LEC", 
            "section": 7150, 
            "period": 34, 
            "semester": 5, 
            "location": "EATON 214", 
            "instructor": "Kiehl"
        }
    }, 
    {
        "pk": 3954, 
        "model": "courses.sectionperiod", 
        "fields": {
            "kind": "REC", 
            "section": 7150, 
            "period": 35, 
            "semester": 5, 
            "location": "JONSSN 3207", 
            "instructor": "Staff"
        }
    }, 
    {
        "pk": 3955, 
        "model": "courses.sectionperiod", 
        "fields": {
            "kind": "REC", 
            "section": 7150, 
            "period": 147, 
            "semester": 5, 
            "location": "DARRIN 318", 
            "instructor": "Staff"
        }
    }, 
    {
        "pk": 3956, 
        "model": "courses.sectionperiod", 
        "fields": {
            "kind": "LEC", 
            "section": 7151, 
            "period": 34, 
            "semester": 5, 
            "location": "EATON 214", 
            "instructor": "Kiehl"
        }
    }, 
    {
        "pk": 3957, 
        "model": "courses.sectionperiod", 
        "fields": {
            "kind": "REC", 
            "section": 7151, 
            "period": 147, 
            "semester": 5, 
            "location": "DARRIN 318", 
            "instructor": "Staff"
        }
    }, 
    {
        "pk": 3958, 
        "model": "courses.sectionperiod", 
        "fields": {
            "kind": "REC", 
            "section": 7151, 
            "period": 37, 
            "semester": 5, 
            "location": "JONSSN 3207", 
            "instructor": "Staff"
        }
    }, 
    {
        "pk": 3959, 
        "model": "courses.sectionperiod", 
        "fields": {
            "kind": "LEC", 
            "section": 7152, 
            "period": 34, 
            "semester": 5, 
            "location": "EATON 214", 
            "instructor": "Kiehl"
        }
    }, 
    {
        "pk": 3960, 
        "model": "courses.sectionperiod", 
        "fields": {
            "kind": "REC", 
            "section": 7152, 
            "period": 38, 
            "semester": 5, 
            "location": "EATON 215", 
            "instructor": "Staff"
        }
    }, 
    {
        "pk": 3961, 
        "model": "courses.sectionperiod", 
        "fields": {
            "kind": "REC", 
            "section": 7152, 
            "period": 147, 
            "semester": 5, 
            "location": "DARRIN 318", 
            "instructor": "Staff"
        }
    }, 
    {
        "pk": 3962, 
        "model": "courses.sectionperiod", 
        "fields": {
            "kind": "LEC", 
            "section": 7153, 
            "period": 34, 
            "semester": 5, 
            "location": "EATON 214", 
            "instructor": "Kiehl"
        }
    }, 
    {
        "pk": 3963, 
        "model": "courses.sectionperiod", 
        "fields": {
            "kind": "REC", 
            "section": 7153, 
            "period": 147, 
            "semester": 5, 
            "location": "DARRIN 318", 
            "instructor": "Staff"
        }
    }, 
    {
        "pk": 3964, 
        "model": "courses.sectionperiod", 
        "fields": {
            "kind": "REC", 
            "section": 7153, 
            "period": 36, 
            "semester": 5, 
            "location": "EATON 215", 
            "instructor": "Staff"
        }
    }, 
    {
        "pk": 3965, 
        "model": "courses.sectionperiod", 
        "fields": {
            "kind": "LEC", 
            "section": 7154, 
            "period": 335, 
            "semester": 5, 
            "location": "SAGE 3303", 
            "instructor": "McLaughlin"
        }
    }, 
    {
        "pk": 3966, 
        "model": "courses.sectionperiod", 
        "fields": {
            "kind": "REC", 
            "section": 7154, 
            "period": 96, 
            "semester": 5, 
            "location": "SAGE 2715", 
            "instructor": "Staff"
        }
    }, 
    {
        "pk": 3967, 
        "model": "courses.sectionperiod", 
        "fields": {
            "kind": "REC", 
            "section": 7154, 
            "period": 98, 
            "semester": 5, 
            "location": "DARRIN 330", 
            "instructor": "Staff"
        }
    }, 
    {
        "pk": 3968, 
        "model": "courses.sectionperiod", 
        "fields": {
            "kind": "LEC", 
            "section": 7155, 
            "period": 335, 
            "semester": 5, 
            "location": "SAGE 3303", 
            "instructor": "McLaughlin"
        }
    }, 
    {
        "pk": 3969, 
        "model": "courses.sectionperiod", 
        "fields": {
            "kind": "REC", 
            "section": 7155, 
            "period": 98, 
            "semester": 5, 
            "location": "DARRIN 330", 
            "instructor": "Staff"
        }
    }, 
    {
        "pk": 3970, 
        "model": "courses.sectionperiod", 
        "fields": {
            "kind": "REC", 
            "section": 7155, 
            "period": 97, 
            "semester": 5, 
            "location": "SAGE 2715", 
            "instructor": "Staff"
        }
    }, 
    {
        "pk": 3971, 
        "model": "courses.sectionperiod", 
        "fields": {
            "kind": "LEC", 
            "section": 7156, 
            "period": 335, 
            "semester": 5, 
            "location": "SAGE 3303", 
            "instructor": "McLaughlin"
        }
    }, 
    {
        "pk": 3972, 
        "model": "courses.sectionperiod", 
        "fields": {
            "kind": "REC", 
            "section": 7156, 
            "period": 41, 
            "semester": 5, 
            "location": "LOW 3116", 
            "instructor": "Staff"
        }
    }, 
    {
        "pk": 3973, 
        "model": "courses.sectionperiod", 
        "fields": {
            "kind": "REC", 
            "section": 7156, 
            "period": 98, 
            "semester": 5, 
            "location": "DARRIN 330", 
            "instructor": "Staff"
        }
    }, 
    {
        "pk": 3974, 
        "model": "courses.sectionperiod", 
        "fields": {
            "kind": "LEC", 
            "section": 7157, 
            "period": 335, 
            "semester": 5, 
            "location": "SAGE 3303", 
            "instructor": "McLaughlin"
        }
    }, 
    {
        "pk": 3975, 
        "model": "courses.sectionperiod", 
        "fields": {
            "kind": "REC", 
            "section": 7157, 
            "period": 93, 
            "semester": 5, 
            "location": "LOW 3116", 
            "instructor": "Staff"
        }
    }, 
    {
        "pk": 3976, 
        "model": "courses.sectionperiod", 
        "fields": {
            "kind": "", 
            "section": 7157, 
            "period": 98, 
            "semester": 5, 
            "location": "DARRIN 330", 
            "instructor": "Staff"
        }
    }, 
    {
        "pk": 3977, 
        "model": "courses.sectionperiod", 
        "fields": {
            "kind": "LEC", 
            "section": 7159, 
            "period": 83, 
            "semester": 5, 
            "location": "DARRIN 308", 
            "instructor": "McLaughlin"
        }
    }, 
    {
        "pk": 3978, 
        "model": "courses.sectionperiod", 
        "fields": {
            "kind": "REC", 
            "section": 7159, 
            "period": 161, 
            "semester": 5, 
            "location": "LOW 3112", 
            "instructor": "Staff"
        }
    }, 
    {
        "pk": 3979, 
        "model": "courses.sectionperiod", 
        "fields": {
            "kind": "REC", 
            "section": 7159, 
            "period": 152, 
            "semester": 5, 
            "location": "SAGE 3303", 
            "instructor": "Staff"
        }
    }, 
    {
        "pk": 3980, 
        "model": "courses.sectionperiod", 
        "fields": {
            "kind": "LEC", 
            "section": 7160, 
            "period": 83, 
            "semester": 5, 
            "location": "DARRIN 308", 
            "instructor": "McLaughlin"
        }
    }, 
    {
        "pk": 3981, 
        "model": "courses.sectionperiod", 
        "fields": {
            "kind": "REC", 
            "section": 7160, 
            "period": 152, 
            "semester": 5, 
            "location": "SAGE 3303", 
            "instructor": "Staff"
        }
    }, 
    {
        "pk": 3982, 
        "model": "courses.sectionperiod", 
        "fields": {
            "kind": "REC", 
            "section": 7160, 
            "period": 162, 
            "semester": 5, 
            "location": "LOW 3112", 
            "instructor": "Staff"
        }
    }, 
    {
        "pk": 3983, 
        "model": "courses.sectionperiod", 
        "fields": {
            "kind": "LEC", 
            "section": 7161, 
            "period": 83, 
            "semester": 5, 
            "location": "DARRIN 308", 
            "instructor": "McLaughlin"
        }
    }, 
    {
        "pk": 3984, 
        "model": "courses.sectionperiod", 
        "fields": {
            "kind": "REC", 
            "section": 7161, 
            "period": 175, 
            "semester": 5, 
            "location": "LOW 3112", 
            "instructor": "Staff"
        }
    }, 
    {
        "pk": 3985, 
        "model": "courses.sectionperiod", 
        "fields": {
            "kind": "REC", 
            "section": 7161, 
            "period": 152, 
            "semester": 5, 
            "location": "SAGE 3303", 
            "instructor": "Staff"
        }
    }, 
    {
        "pk": 3986, 
        "model": "courses.sectionperiod", 
        "fields": {
            "kind": "LEC", 
            "section": 7162, 
            "period": 83, 
            "semester": 5, 
            "location": "DARRIN 308", 
            "instructor": "McLaughlin"
        }
    }, 
    {
        "pk": 3987, 
        "model": "courses.sectionperiod", 
        "fields": {
            "kind": "REC", 
            "section": 7162, 
            "period": 152, 
            "semester": 5, 
            "location": "SAGE 3303", 
            "instructor": "Staff"
        }
    }, 
    {
        "pk": 3988, 
        "model": "courses.sectionperiod", 
        "fields": {
            "kind": "REC", 
            "section": 7162, 
            "period": 297, 
            "semester": 5, 
            "location": "LOW 3112", 
            "instructor": "Staff"
        }
    }, 
    {
        "pk": 3989, 
        "model": "courses.sectionperiod", 
        "fields": {
            "kind": "LEC", 
            "section": 7163, 
            "period": 10, 
            "semester": 5, 
            "location": "SAGE 3303", 
            "instructor": "Blue"
        }
    }, 
    {
        "pk": 3990, 
        "model": "courses.sectionperiod", 
        "fields": {
            "kind": "REC", 
            "section": 7163, 
            "period": 236, 
            "semester": 5, 
            "location": "SAGE 3510", 
            "instructor": "Staff"
        }
    }, 
    {
        "pk": 3991, 
        "model": "courses.sectionperiod", 
        "fields": {
            "kind": "", 
            "section": 7163, 
            "period": 35, 
            "semester": 5, 
            "location": "SAGE 2715", 
            "instructor": "Staff"
        }
    }, 
    {
        "pk": 3992, 
        "model": "courses.sectionperiod", 
        "fields": {
            "kind": "LEC", 
            "section": 7164, 
            "period": 10, 
            "semester": 5, 
            "location": "SAGE 3303", 
            "instructor": "Blue"
        }
    }, 
    {
        "pk": 3993, 
        "model": "courses.sectionperiod", 
        "fields": {
            "kind": "REC", 
            "section": 7164, 
            "period": 236, 
            "semester": 5, 
            "location": "SAGE 3510", 
            "instructor": "Staff"
        }
    }, 
    {
        "pk": 3994, 
        "model": "courses.sectionperiod", 
        "fields": {
            "kind": "REC", 
            "section": 7164, 
            "period": 37, 
            "semester": 5, 
            "location": "SAGE 2715", 
            "instructor": "Staff"
        }
    }, 
    {
        "pk": 3995, 
        "model": "courses.sectionperiod", 
        "fields": {
            "kind": "LEC", 
            "section": 7165, 
            "period": 10, 
            "semester": 5, 
            "location": "SAGE 3303", 
            "instructor": "Blue"
        }
    }, 
    {
        "pk": 3996, 
        "model": "courses.sectionperiod", 
        "fields": {
            "kind": "REC", 
            "section": 7165, 
            "period": 230, 
            "semester": 5, 
            "location": "LOW 3112", 
            "instructor": "Staff"
        }
    }, 
    {
        "pk": 3997, 
        "model": "courses.sectionperiod", 
        "fields": {
            "kind": "REC", 
            "section": 7165, 
            "period": 236, 
            "semester": 5, 
            "location": "SAGE 3510", 
            "instructor": "Staff"
        }
    }, 
    {
        "pk": 3998, 
        "model": "courses.sectionperiod", 
        "fields": {
            "kind": "LEC", 
            "section": 7166, 
            "period": 10, 
            "semester": 5, 
            "location": "SAGE 3303", 
            "instructor": "Blue"
        }
    }, 
    {
        "pk": 3999, 
        "model": "courses.sectionperiod", 
        "fields": {
            "kind": "REC", 
            "section": 7166, 
            "period": 236, 
            "semester": 5, 
            "location": "SAGE 3510", 
            "instructor": "Staff"
        }
    }, 
    {
        "pk": 4000, 
        "model": "courses.sectionperiod", 
        "fields": {
            "kind": "REC", 
            "section": 7166, 
            "period": 231, 
            "semester": 5, 
            "location": "LOW 3112", 
            "instructor": "Staff"
        }
    }, 
    {
        "pk": 5395, 
        "model": "courses.sectionperiod", 
        "fields": {
            "kind": "LEC", 
            "section": 9025, 
            "period": 251, 
            "semester": 7, 
            "location": "DARRIN 318", 
            "instructor": "Schmidt/Kronau"
        }
    }, 
    {
        "pk": 5396, 
        "model": "courses.sectionperiod", 
        "fields": {
            "kind": "REC", 
            "section": 9025, 
            "period": 96, 
            "semester": 7, 
            "location": "SAGE 2704", 
            "instructor": "Staff"
        }
    }, 
    {
        "pk": 5397, 
        "model": "courses.sectionperiod", 
        "fields": {
            "kind": "TES", 
            "section": 9025, 
            "period": 98, 
            "semester": 7, 
            "location": "DARRIN 318", 
            "instructor": "Staff"
        }
    }, 
    {
        "pk": 5398, 
        "model": "courses.sectionperiod", 
        "fields": {
            "kind": "LEC", 
            "section": 9026, 
            "period": 251, 
            "semester": 7, 
            "location": "DARRIN 318", 
            "instructor": "Schmidt/Kronau"
        }
    }, 
    {
        "pk": 5399, 
        "model": "courses.sectionperiod", 
        "fields": {
            "kind": "REC", 
            "section": 9026, 
            "period": 97, 
            "semester": 7, 
            "location": "LOW 4034", 
            "instructor": "Staff"
        }
    }, 
    {
        "pk": 5400, 
        "model": "courses.sectionperiod", 
        "fields": {
            "kind": "TES", 
            "section": 9026, 
            "period": 98, 
            "semester": 7, 
            "location": "DARRIN 318", 
            "instructor": "Staff"
        }
    }, 
    {
        "pk": 5401, 
        "model": "courses.sectionperiod", 
        "fields": {
            "kind": "LEC", 
            "section": 9027, 
            "period": 251, 
            "semester": 7, 
            "location": "DARRIN 318", 
            "instructor": "Schmidt/Kronau"
        }
    }, 
    {
        "pk": 5402, 
        "model": "courses.sectionperiod", 
        "fields": {
            "kind": "REC", 
            "section": 9027, 
            "period": 161, 
            "semester": 7, 
            "location": "EATON 215", 
            "instructor": "Staff"
        }
    }, 
    {
        "pk": 5403, 
        "model": "courses.sectionperiod", 
        "fields": {
            "kind": "TES", 
            "section": 9027, 
            "period": 98, 
            "semester": 7, 
            "location": "DARRIN 318", 
            "instructor": "Staff"
        }
    }, 
    {
        "pk": 5404, 
        "model": "courses.sectionperiod", 
        "fields": {
            "kind": "LEC", 
            "section": 9028, 
            "period": 251, 
            "semester": 7, 
            "location": "DARRIN 318", 
            "instructor": "Schmidt/Kronau"
        }
    }, 
    {
        "pk": 5405, 
        "model": "courses.sectionperiod", 
        "fields": {
            "kind": "REC", 
            "section": 9028, 
            "period": 162, 
            "semester": 7, 
            "location": "J-ROWL 2C13", 
            "instructor": "Staff"
        }
    }, 
    {
        "pk": 5406, 
        "model": "courses.sectionperiod", 
        "fields": {
            "kind": "TES", 
            "section": 9028, 
            "period": 98, 
            "semester": 7, 
            "location": "DARRIN 318", 
            "instructor": "Staff"
        }
    }, 
    {
        "pk": 5407, 
        "model": "courses.sectionperiod", 
        "fields": {
            "kind": "LEC", 
            "section": 9029, 
            "period": 328, 
            "semester": 7, 
            "location": "RCKTTS 203", 
            "instructor": "Kovacic"
        }
    }, 
    {
        "pk": 5408, 
        "model": "courses.sectionperiod", 
        "fields": {
            "kind": "REC", 
            "section": 9029, 
            "period": 299, 
            "semester": 7, 
            "location": "LOW 4040", 
            "instructor": "Staff"
        }
    }, 
    {
        "pk": 5409, 
        "model": "courses.sectionperiod", 
        "fields": {
            "kind": "TES", 
            "section": 9029, 
            "period": 62, 
            "semester": 7, 
            "location": "EATON 214", 
            "instructor": "Staff"
        }
    }, 
    {
        "pk": 5410, 
        "model": "courses.sectionperiod", 
        "fields": {
            "kind": "LEC", 
            "section": 9030, 
            "period": 328, 
            "semester": 7, 
            "location": "RCKTTS 203", 
            "instructor": "Kovacic"
        }
    }, 
    {
        "pk": 5411, 
        "model": "courses.sectionperiod", 
        "fields": {
            "kind": "REC", 
            "section": 9030, 
            "period": 145, 
            "semester": 7, 
            "location": "JONSSN 3207", 
            "instructor": "Staff"
        }
    }, 
    {
        "pk": 5412, 
        "model": "courses.sectionperiod", 
        "fields": {
            "kind": "TES", 
            "section": 9030, 
            "period": 62, 
            "semester": 7, 
            "location": "EATON 214", 
            "instructor": "Staff"
        }
    }, 
    {
        "pk": 5413, 
        "model": "courses.sectionperiod", 
        "fields": {
            "kind": "LEC", 
            "section": 9031, 
            "period": 328, 
            "semester": 7, 
            "location": "RCKTTS 203", 
            "instructor": "Kovacic"
        }
    }, 
    {
        "pk": 5414, 
        "model": "courses.sectionperiod", 
        "fields": {
            "kind": "REC", 
            "section": 9031, 
            "period": 126, 
            "semester": 7, 
            "location": "LOW 3112", 
            "instructor": "Staff"
        }
    }, 
    {
        "pk": 5415, 
        "model": "courses.sectionperiod", 
        "fields": {
            "kind": "TES", 
            "section": 9031, 
            "period": 62, 
            "semester": 7, 
            "location": "EATON 214", 
            "instructor": "Staff"
        }
    }, 
    {
        "pk": 5416, 
        "model": "courses.sectionperiod", 
        "fields": {
            "kind": "LEC", 
            "section": 9032, 
            "period": 328, 
            "semester": 7, 
            "location": "RCKTTS 203", 
            "instructor": "Kovacic"
        }
    }, 
    {
        "pk": 5417, 
        "model": "courses.sectionperiod", 
        "fields": {
            "kind": "REC", 
            "section": 9032, 
            "period": 164, 
            "semester": 7, 
            "location": "LOW 3112", 
            "instructor": "Staff"
        }
    }, 
    {
        "pk": 5418, 
        "model": "courses.sectionperiod", 
        "fields": {
            "kind": "TES", 
            "section": 9032, 
            "period": 62, 
            "semester": 7, 
            "location": "EATON 214", 
            "instructor": "Staff"
        }
    }, 
    {
        "pk": 5419, 
        "model": "courses.sectionperiod", 
        "fields": {
            "kind": "LEC", 
            "section": 9033, 
            "period": 165, 
            "semester": 7, 
            "location": "DARRIN 318", 
            "instructor": "Ecker"
        }
    }, 
    {
        "pk": 5420, 
        "model": "courses.sectionperiod", 
        "fields": {
            "kind": "REC", 
            "section": 9033, 
            "period": 41, 
            "semester": 7, 
            "location": "LOW 3116", 
            "instructor": "Staff"
        }
    }, 
    {
        "pk": 5421, 
        "model": "courses.sectionperiod", 
        "fields": {
            "kind": "TES", 
            "section": 9033, 
            "period": 236, 
            "semester": 7, 
            "location": "DARRIN 330", 
            "instructor": "Staff"
        }
    }, 
    {
        "pk": 5422, 
        "model": "courses.sectionperiod", 
        "fields": {
            "kind": "LEC", 
            "section": 9034, 
            "period": 165, 
            "semester": 7, 
            "location": "DARRIN 318", 
            "instructor": "Ecker"
        }
    }, 
    {
        "pk": 5423, 
        "model": "courses.sectionperiod", 
        "fields": {
            "kind": "REC", 
            "section": 9034, 
            "period": 93, 
            "semester": 7, 
            "location": "SAGE 2112", 
            "instructor": "Staff"
        }
    }, 
    {
        "pk": 5424, 
        "model": "courses.sectionperiod", 
        "fields": {
            "kind": "TES", 
            "section": 9034, 
            "period": 236, 
            "semester": 7, 
            "location": "DARRIN 330", 
            "instructor": "Staff"
        }
    }, 
    {
        "pk": 5425, 
        "model": "courses.sectionperiod", 
        "fields": {
            "kind": "LEC", 
            "section": 9035, 
            "period": 165, 
            "semester": 7, 
            "location": "DARRIN 318", 
            "instructor": "Ecker"
        }
    }, 
    {
        "pk": 5426, 
        "model": "courses.sectionperiod", 
        "fields": {
            "kind": "REC", 
            "section": 9035, 
            "period": 161, 
            "semester": 7, 
            "location": "LOW 4040", 
            "instructor": "Staff"
        }
    }, 
    {
        "pk": 5427, 
        "model": "courses.sectionperiod", 
        "fields": {
            "kind": "TES", 
            "section": 9035, 
            "period": 236, 
            "semester": 7, 
            "location": "DARRIN 330", 
            "instructor": "Staff"
        }
    }, 
    {
        "pk": 5428, 
        "model": "courses.sectionperiod", 
        "fields": {
            "kind": "LEC", 
            "section": 9036, 
            "period": 165, 
            "semester": 7, 
            "location": "DARRIN 318", 
            "instructor": "Ecker"
        }
    }, 
    {
        "pk": 5429, 
        "model": "courses.sectionperiod", 
        "fields": {
            "kind": "REC", 
            "section": 9036, 
            "period": 162, 
            "semester": 7, 
            "location": "JONSSN 3207", 
            "instructor": "Staff"
        }
    }, 
    {
        "pk": 5430, 
        "model": "courses.sectionperiod", 
        "fields": {
            "kind": "TES", 
            "section": 9036, 
            "period": 236, 
            "semester": 7, 
            "location": "DARRIN 330", 
            "instructor": "Staff"
        }
    }, 
    {
        "pk": 5431, 
        "model": "courses.sectionperiod", 
        "fields": {
            "kind": "LEC", 
            "section": 9037, 
            "period": 233, 
            "semester": 7, 
            "location": "DARRIN 324", 
            "instructor": "Ecker"
        }
    }, 
    {
        "pk": 5432, 
        "model": "courses.sectionperiod", 
        "fields": {
            "kind": "REC", 
            "section": 9037, 
            "period": 94, 
            "semester": 7, 
            "location": "LOW 4034", 
            "instructor": "Staff"
        }
    }, 
    {
        "pk": 5433, 
        "model": "courses.sectionperiod", 
        "fields": {
            "kind": "TES", 
            "section": 9037, 
            "period": 147, 
            "semester": 7, 
            "location": "DARRIN 318", 
            "instructor": "Staff"
        }
    }, 
    {
        "pk": 5434, 
        "model": "courses.sectionperiod", 
        "fields": {
            "kind": "LEC", 
            "section": 9038, 
            "period": 233, 
            "semester": 7, 
            "location": "DARRIN 324", 
            "instructor": "Ecker"
        }
    }, 
    {
        "pk": 5435, 
        "model": "courses.sectionperiod", 
        "fields": {
            "kind": "REC", 
            "section": 9038, 
            "period": 95, 
            "semester": 7, 
            "location": "LOW 3112", 
            "instructor": "Staff"
        }
    }, 
    {
        "pk": 5436, 
        "model": "courses.sectionperiod", 
        "fields": {
            "kind": "TES", 
            "section": 9038, 
            "period": 147, 
            "semester": 7, 
            "location": "DARRIN 318", 
            "instructor": "Staff"
        }
    }, 
    {
        "pk": 5437, 
        "model": "courses.sectionperiod", 
        "fields": {
            "kind": "LEC", 
            "section": 9039, 
            "period": 233, 
            "semester": 7, 
            "location": "DARRIN 324", 
            "instructor": "Ecker"
        }
    }, 
    {
        "pk": 5438, 
        "model": "courses.sectionperiod", 
        "fields": {
            "kind": "REC", 
            "section": 9039, 
            "period": 234, 
            "semester": 7, 
            "location": "LOW 4040", 
            "instructor": "Staff"
        }
    }, 
    {
        "pk": 5439, 
        "model": "courses.sectionperiod", 
        "fields": {
            "kind": "TES", 
            "section": 9039, 
            "period": 147, 
            "semester": 7, 
            "location": "DARRIN 318", 
            "instructor": "Staff"
        }
    }, 
    {
        "pk": 5440, 
        "model": "courses.sectionperiod", 
        "fields": {
            "kind": "LEC", 
            "section": 9040, 
            "period": 233, 
            "semester": 7, 
            "location": "DARRIN 324", 
            "instructor": "Ecker"
        }
    }, 
    {
        "pk": 5441, 
        "model": "courses.sectionperiod", 
        "fields": {
            "kind": "REC", 
            "section": 9040, 
            "period": 235, 
            "semester": 7, 
            "location": "LALLY 02", 
            "instructor": "Staff"
        }
    }, 
    {
        "pk": 5442, 
        "model": "courses.sectionperiod", 
        "fields": {
            "kind": "TES", 
            "section": 9040, 
            "period": 147, 
            "semester": 7, 
            "location": "DARRIN 318", 
            "instructor": "Staff"
        }
    }, 
    {
        "pk": 2264, 
        "model": "courses.semestersection", 
        "fields": {
            "semester": 2, 
            "section": 2264
        }
    }, 
    {
        "pk": 2265, 
        "model": "courses.semestersection", 
        "fields": {
            "semester": 2, 
            "section": 2265
        }
    }, 
    {
        "pk": 2266, 
        "model": "courses.semestersection", 
        "fields": {
            "semester": 2, 
            "section": 2266
        }
    }, 
    {
        "pk": 2267, 
        "model": "courses.semestersection", 
        "fields": {
            "semester": 2, 
            "section": 2267
        }
    }, 
    {
        "pk": 2268, 
        "model": "courses.semestersection", 
        "fields": {
            "semester": 2, 
            "section": 2268
        }
    }, 
    {
        "pk": 2269, 
        "model": "courses.semestersection", 
        "fields": {
            "semester": 2, 
            "section": 2269
        }
    }, 
    {
        "pk": 2270, 
        "model": "courses.semestersection", 
        "fields": {
            "semester": 2, 
            "section": 2270
        }
    }, 
    {
        "pk": 2271, 
        "model": "courses.semestersection", 
        "fields": {
            "semester": 2, 
            "section": 2271
        }
    }, 
    {
        "pk": 2272, 
        "model": "courses.semestersection", 
        "fields": {
            "semester": 2, 
            "section": 2272
        }
    }, 
    {
        "pk": 2273, 
        "model": "courses.semestersection", 
        "fields": {
            "semester": 2, 
            "section": 2273
        }
    }, 
    {
        "pk": 2274, 
        "model": "courses.semestersection", 
        "fields": {
            "semester": 2, 
            "section": 2274
        }
    }, 
    {
        "pk": 2275, 
        "model": "courses.semestersection", 
        "fields": {
            "semester": 2, 
            "section": 2275
        }
    }, 
    {
        "pk": 2276, 
        "model": "courses.semestersection", 
        "fields": {
            "semester": 2, 
            "section": 2276
        }
    }, 
    {
        "pk": 2277, 
        "model": "courses.semestersection", 
        "fields": {
            "semester": 2, 
            "section": 2277
        }
    }, 
    {
        "pk": 2278, 
        "model": "courses.semestersection", 
        "fields": {
            "semester": 2, 
            "section": 2278
        }
    }, 
    {
        "pk": 2279, 
        "model": "courses.semestersection", 
        "fields": {
            "semester": 2, 
            "section": 2279
        }
    }, 
    {
        "pk": 2280, 
        "model": "courses.semestersection", 
        "fields": {
            "semester": 2, 
            "section": 2280
        }
    }, 
    {
        "pk": 2281, 
        "model": "courses.semestersection", 
        "fields": {
            "semester": 2, 
            "section": 2281
        }
    }, 
    {
        "pk": 2282, 
        "model": "courses.semestersection", 
        "fields": {
            "semester": 2, 
            "section": 2282
        }
    }, 
    {
        "pk": 2283, 
        "model": "courses.semestersection", 
        "fields": {
            "semester": 2, 
            "section": 2283
        }
    }, 
    {
        "pk": 2284, 
        "model": "courses.semestersection", 
        "fields": {
            "semester": 2, 
            "section": 2284
        }
    }, 
    {
        "pk": 2285, 
        "model": "courses.semestersection", 
        "fields": {
            "semester": 2, 
            "section": 2285
        }
    }, 
    {
        "pk": 2286, 
        "model": "courses.semestersection", 
        "fields": {
            "semester": 2, 
            "section": 2286
        }
    }, 
    {
        "pk": 2287, 
        "model": "courses.semestersection", 
        "fields": {
            "semester": 2, 
            "section": 2287
        }
    }, 
    {
        "pk": 4644, 
        "model": "courses.semestersection", 
        "fields": {
            "semester": 4, 
            "section": 4644
        }
    }, 
    {
        "pk": 4645, 
        "model": "courses.semestersection", 
        "fields": {
            "semester": 4, 
            "section": 4645
        }
    }, 
    {
        "pk": 4646, 
        "model": "courses.semestersection", 
        "fields": {
            "semester": 4, 
            "section": 4646
        }
    }, 
    {
        "pk": 4647, 
        "model": "courses.semestersection", 
        "fields": {
            "semester": 4, 
            "section": 4647
        }
    }, 
    {
        "pk": 4648, 
        "model": "courses.semestersection", 
        "fields": {
            "semester": 4, 
            "section": 4648
        }
    }, 
    {
        "pk": 4649, 
        "model": "courses.semestersection", 
        "fields": {
            "semester": 4, 
            "section": 4649
        }
    }, 
    {
        "pk": 4650, 
        "model": "courses.semestersection", 
        "fields": {
            "semester": 4, 
            "section": 4650
        }
    }, 
    {
        "pk": 4651, 
        "model": "courses.semestersection", 
        "fields": {
            "semester": 4, 
            "section": 4651
        }
    }, 
    {
        "pk": 4652, 
        "model": "courses.semestersection", 
        "fields": {
            "semester": 4, 
            "section": 4652
        }
    }, 
    {
        "pk": 4653, 
        "model": "courses.semestersection", 
        "fields": {
            "semester": 4, 
            "section": 4653
        }
    }, 
    {
        "pk": 4654, 
        "model": "courses.semestersection", 
        "fields": {
            "semester": 4, 
            "section": 4654
        }
    }, 
    {
        "pk": 4655, 
        "model": "courses.semestersection", 
        "fields": {
            "semester": 4, 
            "section": 4655
        }
    }, 
    {
        "pk": 4656, 
        "model": "courses.semestersection", 
        "fields": {
            "semester": 4, 
            "section": 4656
        }
    }, 
    {
        "pk": 4657, 
        "model": "courses.semestersection", 
        "fields": {
            "semester": 4, 
            "section": 4657
        }
    }, 
    {
        "pk": 4658, 
        "model": "courses.semestersection", 
        "fields": {
            "semester": 4, 
            "section": 4658
        }
    }, 
    {
        "pk": 4659, 
        "model": "courses.semestersection", 
        "fields": {
            "semester": 4, 
            "section": 4659
        }
    }, 
    {
        "pk": 7146, 
        "model": "courses.semestersection", 
        "fields": {
            "semester": 5, 
            "section": 7146
        }
    }, 
    {
        "pk": 7147, 
        "model": "courses.semestersection", 
        "fields": {
            "semester": 5, 
            "section": 7147
        }
    }, 
    {
        "pk": 7148, 
        "model": "courses.semestersection", 
        "fields": {
            "semester": 5, 
            "section": 7148
        }
    }, 
    {
        "pk": 7149, 
        "model": "courses.semestersection", 
        "fields": {
            "semester": 5, 
            "section": 7149
        }
    }, 
    {
        "pk": 7150, 
        "model": "courses.semestersection", 
        "fields": {
            "semester": 5, 
            "section": 7150
        }
    }, 
    {
        "pk": 7151, 
        "model": "courses.semestersection", 
        "fields": {
            "semester": 5, 
            "section": 7151
        }
    }, 
    {
        "pk": 7152, 
        "model": "courses.semestersection", 
        "fields": {
            "semester": 5, 
            "section": 7152
        }
    }, 
    {
        "pk": 7153, 
        "model": "courses.semestersection", 
        "fields": {
            "semester": 5, 
            "section": 7153
        }
    }, 
    {
        "pk": 7154, 
        "model": "courses.semestersection", 
        "fields": {
            "semester": 5, 
            "section": 7154
        }
    }, 
    {
        "pk": 7155, 
        "model": "courses.semestersection", 
        "fields": {
            "semester": 5, 
            "section": 7155
        }
    }, 
    {
        "pk": 7156, 
        "model": "courses.semestersection", 
        "fields": {
            "semester": 5, 
            "section": 7156
        }
    }, 
    {
        "pk": 7157, 
        "model": "courses.semestersection", 
        "fields": {
            "semester": 5, 
            "section": 7157
        }
    }, 
    {
        "pk": 7158, 
        "model": "courses.semestersection", 
        "fields": {
            "semester": 5, 
            "section": 7158
        }
    }, 
    {
        "pk": 7159, 
        "model": "courses.semestersection", 
        "fields": {
            "semester": 5, 
            "section": 7159
        }
    }, 
    {
        "pk": 7160, 
        "model": "courses.semestersection", 
        "fields": {
            "semester": 5, 
            "section": 7160
        }
    }, 
    {
        "pk": 7161, 
        "model": "courses.semestersection", 
        "fields": {
            "semester": 5, 
            "section": 7161
        }
    }, 
    {
        "pk": 7162, 
        "model": "courses.semestersection", 
        "fields": {
            "semester": 5, 
            "section": 7162
        }
    }, 
    {
        "pk": 7163, 
        "model": "courses.semestersection", 
        "fields": {
            "semester": 5, 
            "section": 7163
        }
    }, 
    {
        "pk": 7164, 
        "model": "courses.semestersection", 
        "fields": {
            "semester": 5, 
            "section": 7164
        }
    }, 
    {
        "pk": 7165, 
        "model": "courses.semestersection", 
        "fields": {
            "semester": 5, 
            "section": 7165
        }
    }, 
    {
        "pk": 7166, 
        "model": "courses.semestersection", 
        "fields": {
            "semester": 5, 
            "section": 7166
        }
    }, 
    {
        "pk": 9025, 
        "model": "courses.semestersection", 
        "fields": {
            "semester": 7, 
            "section": 9025
        }
    }, 
    {
        "pk": 9026, 
        "model": "courses.semestersection", 
        "fields": {
            "semester": 7, 
            "section": 9026
        }
    }, 
    {
        "pk": 9027, 
        "model": "courses.semestersection", 
        "fields": {
            "semester": 7, 
            "section": 9027
        }
    }, 
    {
        "pk": 9028, 
        "model": "courses.semestersection", 
        "fields": {
            "semester": 7, 
            "section": 9028
        }
    }, 
    {
        "pk": 9029, 
        "model": "courses.semestersection", 
        "fields": {
            "semester": 7, 
            "section": 9029
        }
    }, 
    {
        "pk": 9030, 
        "model": "courses.semestersection", 
        "fields": {
            "semester": 7, 
            "section": 9030
        }
    }, 
    {
        "pk": 9031, 
        "model": "courses.semestersection", 
        "fields": {
            "semester": 7, 
            "section": 9031
        }
    }, 
    {
        "pk": 9032, 
        "model": "courses.semestersection", 
        "fields": {
            "semester": 7, 
            "section": 9032
        }
    }, 
    {
        "pk": 9033, 
        "model": "courses.semestersection", 
        "fields": {
            "semester": 7, 
            "section": 9033
        }
    }, 
    {
        "pk": 9034, 
        "model": "courses.semestersection", 
        "fields": {
            "semester": 7, 
            "section": 9034
        }
    }, 
    {
        "pk": 9035, 
        "model": "courses.semestersection", 
        "fields": {
            "semester": 7, 
            "section": 9035
        }
    }, 
    {
        "pk": 9036, 
        "model": "courses.semestersection", 
        "fields": {
            "semester": 7, 
            "section": 9036
        }
    }, 
    {
        "pk": 9037, 
        "model": "courses.semestersection", 
        "fields": {
            "semester": 7, 
            "section": 9037
        }
    }, 
    {
        "pk": 9038, 
        "model": "courses.semestersection", 
        "fields": {
            "semester": 7, 
            "section": 9038
        }
    }, 
    {
        "pk": 9039, 
        "model": "courses.semestersection", 
        "fields": {
            "semester": 7, 
            "section": 9039
        }
    }, 
    {
        "pk": 9040, 
        "model": "courses.semestersection", 
        "fields": {
            "semester": 7, 
            "section": 9040
        }
    }, 
    {
        "pk": 28, 
        "model": "courses.department", 
        "fields": {
            "code": "MATH", 
            "name": "Mathematics"
        }
    }, 
    {
        "pk": 2, 
        "model": "courses.semester", 
        "fields": {
            "date_updated": "2011-09-25 17:36:15", 
            "month": 1, 
            "ref": "201001.xml", 
            "name": "Spring 2010", 
            "year": 2010
        }
    }, 
    {
        "pk": 4, 
        "model": "courses.semester", 
        "fields": {
            "date_updated": "2011-09-25 17:36:37", 
            "month": 9, 
            "ref": "201009.xml", 
            "name": "Fall 2010", 
            "year": 2010
        }
    }, 
    {
        "pk": 5, 
        "model": "courses.semester", 
        "fields": {
            "date_updated": "2011-09-25 17:36:58", 
            "month": 1, 
            "ref": "201101.xml", 
            "name": "Spring 2011", 
            "year": 2011
        }
    }, 
    {
        "pk": 7, 
        "model": "courses.semester", 
        "fields": {
            "date_updated": "2011-09-25 17:37:20", 
            "month": 9, 
            "ref": "201109.xml", 
            "name": "Fall 2011", 
            "year": 2011
        }
    }, 
    {
        "pk": 107, 
        "model": "courses.period", 
        "fields": {
            "start": "12:00:00", 
            "days_of_week_flag": 22, 
            "end": "12:50:00"
        }
    }, 
    {
        "pk": 2264, 
        "model": "courses.section", 
        "fields": {
            "seats_total": 35, 
            "number": 1, 
            "crosslisted": null, 
            "course": 864, 
            "crn": 50826, 
            "seats_taken": 30
        }
    }, 
    {
        "pk": 62, 
        "model": "courses.period", 
        "fields": {
            "start": "13:00:00", 
            "days_of_week_flag": 4, 
            "end": "13:50:00"
        }
    }, 
    {
        "pk": 230, 
        "model": "courses.period", 
        "fields": {
            "start": "13:00:00", 
            "days_of_week_flag": 1, 
            "end": "13:50:00"
        }
    }, 
    {
        "pk": 2265, 
        "model": "courses.section", 
        "fields": {
            "seats_total": 35, 
            "number": 2, 
            "crosslisted": null, 
            "course": 864, 
            "crn": 50827, 
            "seats_taken": 12
        }
    }, 
    {
        "pk": 231, 
        "model": "courses.period", 
        "fields": {
            "start": "13:00:00", 
            "days_of_week_flag": 8, 
            "end": "13:50:00"
        }
    }, 
    {
        "pk": 2266, 
        "model": "courses.section", 
        "fields": {
            "seats_total": 35, 
            "number": 3, 
            "crosslisted": null, 
            "course": 864, 
            "crn": 50149, 
            "seats_taken": 37
        }
    }, 
    {
        "pk": 38, 
        "model": "courses.period", 
        "fields": {
            "start": "08:00:00", 
            "days_of_week_flag": 1, 
            "end": "08:50:00"
        }
    }, 
    {
        "pk": 2267, 
        "model": "courses.section", 
        "fields": {
            "seats_total": 35, 
            "number": 4, 
            "crosslisted": null, 
            "course": 864, 
            "crn": 50150, 
            "seats_taken": 32
        }
    }, 
    {
        "pk": 36, 
        "model": "courses.period", 
        "fields": {
            "start": "08:00:00", 
            "days_of_week_flag": 8, 
            "end": "08:50:00"
        }
    }, 
    {
        "pk": 31, 
        "model": "courses.period", 
        "fields": {
            "start": "14:00:00", 
            "days_of_week_flag": 18, 
            "end": "15:20:00"
        }
    }, 
    {
        "pk": 2268, 
        "model": "courses.section", 
        "fields": {
            "seats_total": 30, 
            "number": 5, 
            "crosslisted": null, 
            "course": 864, 
            "crn": 50151, 
            "seats_taken": 22
        }
    }, 
    {
        "pk": 35, 
        "model": "courses.period", 
        "fields": {
            "start": "09:00:00", 
            "days_of_week_flag": 1, 
            "end": "09:50:00"
        }
    }, 
    {
        "pk": 147, 
        "model": "courses.period", 
        "fields": {
            "start": "14:00:00", 
            "days_of_week_flag": 4, 
            "end": "14:50:00"
        }
    }, 
    {
        "pk": 2269, 
        "model": "courses.section", 
        "fields": {
            "seats_total": 30, 
            "number": 6, 
            "crosslisted": null, 
            "course": 864, 
            "crn": 51674, 
            "seats_taken": 29
        }
    }, 
    {
        "pk": 37, 
        "model": "courses.period", 
        "fields": {
            "start": "09:00:00", 
            "days_of_week_flag": 8, 
            "end": "09:50:00"
        }
    }, 
    {
        "pk": 2270, 
        "model": "courses.section", 
        "fields": {
            "seats_total": 30, 
            "number": 7, 
            "crosslisted": null, 
            "course": 864, 
            "crn": 50263, 
            "seats_taken": 7
        }
    }, 
    {
        "pk": 2271, 
        "model": "courses.section", 
        "fields": {
            "seats_total": 30, 
            "number": 8, 
            "crosslisted": null, 
            "course": 864, 
            "crn": 50152, 
            "seats_taken": 15
        }
    }, 
    {
        "pk": 232, 
        "model": "courses.period", 
        "fields": {
            "start": "10:00:00", 
            "days_of_week_flag": 13, 
            "end": "10:50:00"
        }
    }, 
    {
        "pk": 2272, 
        "model": "courses.section", 
        "fields": {
            "seats_total": 30, 
            "number": 9, 
            "crosslisted": null, 
            "course": 864, 
            "crn": 50153, 
            "seats_taken": 31
        }
    }, 
    {
        "pk": 96, 
        "model": "courses.period", 
        "fields": {
            "start": "08:00:00", 
            "days_of_week_flag": 2, 
            "end": "08:50:00"
        }
    }, 
    {
        "pk": 98, 
        "model": "courses.period", 
        "fields": {
            "start": "11:00:00", 
            "days_of_week_flag": 4, 
            "end": "11:50:00"
        }
    }, 
    {
        "pk": 2273, 
        "model": "courses.section", 
        "fields": {
            "seats_total": 30, 
            "number": 10, 
            "crosslisted": null, 
            "course": 864, 
            "crn": 50234, 
            "seats_taken": 30
        }
    }, 
    {
        "pk": 97, 
        "model": "courses.period", 
        "fields": {
            "start": "08:00:00", 
            "days_of_week_flag": 16, 
            "end": "08:50:00"
        }
    }, 
    {
        "pk": 2274, 
        "model": "courses.section", 
        "fields": {
            "seats_total": 30, 
            "number": 11, 
            "crosslisted": null, 
            "course": 864, 
            "crn": 50154, 
            "seats_taken": 32
        }
    }, 
    {
        "pk": 41, 
        "model": "courses.period", 
        "fields": {
            "start": "09:00:00", 
            "days_of_week_flag": 2, 
            "end": "09:50:00"
        }
    }, 
    {
        "pk": 2275, 
        "model": "courses.section", 
        "fields": {
            "seats_total": 30, 
            "number": 12, 
            "crosslisted": null, 
            "course": 864, 
            "crn": 50155, 
            "seats_taken": 30
        }
    }, 
    {
        "pk": 93, 
        "model": "courses.period", 
        "fields": {
            "start": "09:00:00", 
            "days_of_week_flag": 16, 
            "end": "09:50:00"
        }
    }, 
    {
        "pk": 233, 
        "model": "courses.period", 
        "fields": {
            "start": "12:00:00", 
            "days_of_week_flag": 13, 
            "end": "12:50:00"
        }
    }, 
    {
        "pk": 2276, 
        "model": "courses.section", 
        "fields": {
            "seats_total": 30, 
            "number": 13, 
            "crosslisted": null, 
            "course": 864, 
            "crn": 50142, 
            "seats_taken": 28
        }
    }, 
    {
        "pk": 94, 
        "model": "courses.period", 
        "fields": {
            "start": "10:00:00", 
            "days_of_week_flag": 2, 
            "end": "10:50:00"
        }
    }, 
    {
        "pk": 2277, 
        "model": "courses.section", 
        "fields": {
            "seats_total": 30, 
            "number": 14, 
            "crosslisted": null, 
            "course": 864, 
            "crn": 50143, 
            "seats_taken": 23
        }
    }, 
    {
        "pk": 95, 
        "model": "courses.period", 
        "fields": {
            "start": "10:00:00", 
            "days_of_week_flag": 16, 
            "end": "10:50:00"
        }
    }, 
    {
        "pk": 2278, 
        "model": "courses.section", 
        "fields": {
            "seats_total": 30, 
            "number": 15, 
            "crosslisted": null, 
            "course": 864, 
            "crn": 50144, 
            "seats_taken": 28
        }
    }, 
    {
        "pk": 234, 
        "model": "courses.period", 
        "fields": {
            "start": "11:00:00", 
            "days_of_week_flag": 2, 
            "end": "11:50:00"
        }
    }, 
    {
        "pk": 2279, 
        "model": "courses.section", 
        "fields": {
            "seats_total": 30, 
            "number": 16, 
            "crosslisted": null, 
            "course": 864, 
            "crn": 50232, 
            "seats_taken": 22
        }
    }, 
    {
        "pk": 235, 
        "model": "courses.period", 
        "fields": {
            "start": "11:00:00", 
            "days_of_week_flag": 16, 
            "end": "11:50:00"
        }
    }, 
    {
        "pk": 215, 
        "model": "courses.period", 
        "fields": {
            "start": "14:00:00", 
            "days_of_week_flag": 22, 
            "end": "14:50:00"
        }
    }, 
    {
        "pk": 2280, 
        "model": "courses.section", 
        "fields": {
            "seats_total": 30, 
            "number": 17, 
            "crosslisted": null, 
            "course": 864, 
            "crn": 50145, 
            "seats_taken": 28
        }
    }, 
    {
        "pk": 167, 
        "model": "courses.period", 
        "fields": {
            "start": "14:00:00", 
            "days_of_week_flag": 1, 
            "end": "14:50:00"
        }
    }, 
    {
        "pk": 152, 
        "model": "courses.period", 
        "fields": {
            "start": "15:00:00", 
            "days_of_week_flag": 4, 
            "end": "15:50:00"
        }
    }, 
    {
        "pk": 2281, 
        "model": "courses.section", 
        "fields": {
            "seats_total": 30, 
            "number": 18, 
            "crosslisted": null, 
            "course": 864, 
            "crn": 50146, 
            "seats_taken": 25
        }
    }, 
    {
        "pk": 168, 
        "model": "courses.period", 
        "fields": {
            "start": "14:00:00", 
            "days_of_week_flag": 8, 
            "end": "14:50:00"
        }
    }, 
    {
        "pk": 2282, 
        "model": "courses.section", 
        "fields": {
            "seats_total": 30, 
            "number": 19, 
            "crosslisted": null, 
            "course": 864, 
            "crn": 50271, 
            "seats_taken": 23
        }
    }, 
    {
        "pk": 25, 
        "model": "courses.period", 
        "fields": {
            "start": "15:00:00", 
            "days_of_week_flag": 1, 
            "end": "15:50:00"
        }
    }, 
    {
        "pk": 2283, 
        "model": "courses.section", 
        "fields": {
            "seats_total": 30, 
            "number": 20, 
            "crosslisted": null, 
            "course": 864, 
            "crn": 50501, 
            "seats_taken": 25
        }
    }, 
    {
        "pk": 26, 
        "model": "courses.period", 
        "fields": {
            "start": "15:00:00", 
            "days_of_week_flag": 8, 
            "end": "15:50:00"
        }
    }, 
    {
        "pk": 10, 
        "model": "courses.period", 
        "fields": {
            "start": "10:00:00", 
            "days_of_week_flag": 18, 
            "end": "11:20:00"
        }
    }, 
    {
        "pk": 2284, 
        "model": "courses.section", 
        "fields": {
            "seats_total": 30, 
            "number": 21, 
            "crosslisted": null, 
            "course": 864, 
            "crn": 50502, 
            "seats_taken": 26
        }
    }, 
    {
        "pk": 236, 
        "model": "courses.period", 
        "fields": {
            "start": "10:00:00", 
            "days_of_week_flag": 4, 
            "end": "10:50:00"
        }
    }, 
    {
        "pk": 2285, 
        "model": "courses.section", 
        "fields": {
            "seats_total": 30, 
            "number": 22, 
            "crosslisted": null, 
            "course": 864, 
            "crn": 50503, 
            "seats_taken": 32
        }
    }, 
    {
        "pk": 2286, 
        "model": "courses.section", 
        "fields": {
            "seats_total": 30, 
            "number": 23, 
            "crosslisted": null, 
            "course": 864, 
            "crn": 53058, 
            "seats_taken": 14
        }
    }, 
    {
        "pk": 2287, 
        "model": "courses.section", 
        "fields": {
            "seats_total": 30, 
            "number": 24, 
            "crosslisted": null, 
            "course": 864, 
            "crn": 53059, 
            "seats_taken": 17
        }
    }, 
    {
        "pk": 316, 
        "model": "courses.period", 
        "fields": {
            "start": "10:00:00", 
            "days_of_week_flag": 22, 
            "end": "10:50:00"
        }
    }, 
    {
        "pk": 4644, 
        "model": "courses.section", 
        "fields": {
            "seats_total": 30, 
            "number": 1, 
            "crosslisted": null, 
            "course": 864, 
            "crn": 65155, 
            "seats_taken": 28
        }
    }, 
    {
        "pk": 4645, 
        "model": "courses.section", 
        "fields": {
            "seats_total": 30, 
            "number": 2, 
            "crosslisted": null, 
            "course": 864, 
            "crn": 65156, 
            "seats_taken": 30
        }
    }, 
    {
        "pk": 4646, 
        "model": "courses.section", 
        "fields": {
            "seats_total": 30, 
            "number": 3, 
            "crosslisted": null, 
            "course": 864, 
            "crn": 65157, 
            "seats_taken": 29
        }
    }, 
    {
        "pk": 4647, 
        "model": "courses.section", 
        "fields": {
            "seats_total": 30, 
            "number": 4, 
            "crosslisted": null, 
            "course": 864, 
            "crn": 65158, 
            "seats_taken": 31
        }
    }, 
    {
        "pk": 304, 
        "model": "courses.period", 
        "fields": {
            "start": "11:00:00", 
            "days_of_week_flag": 22, 
            "end": "11:50:00"
        }
    }, 
    {
        "pk": 4648, 
        "model": "courses.section", 
        "fields": {
            "seats_total": 30, 
            "number": 5, 
            "crosslisted": null, 
            "course": 864, 
            "crn": 65159, 
            "seats_taken": 30
        }
    }, 
    {
        "pk": 299, 
        "model": "courses.period", 
        "fields": {
            "start": "10:00:00", 
            "days_of_week_flag": 1, 
            "end": "10:50:00"
        }
    }, 
    {
        "pk": 4649, 
        "model": "courses.section", 
        "fields": {
            "seats_total": 30, 
            "number": 6, 
            "crosslisted": null, 
            "course": 864, 
            "crn": 65160, 
            "seats_taken": 31
        }
    }, 
    {
        "pk": 145, 
        "model": "courses.period", 
        "fields": {
            "start": "10:00:00", 
            "days_of_week_flag": 8, 
            "end": "10:50:00"
        }
    }, 
    {
        "pk": 4650, 
        "model": "courses.section", 
        "fields": {
            "seats_total": 30, 
            "number": 7, 
            "crosslisted": null, 
            "course": 864, 
            "crn": 65161, 
            "seats_taken": 22
        }
    }, 
    {
        "pk": 126, 
        "model": "courses.period", 
        "fields": {
            "start": "12:00:00", 
            "days_of_week_flag": 1, 
            "end": "12:50:00"
        }
    }, 
    {
        "pk": 4651, 
        "model": "courses.section", 
        "fields": {
            "seats_total": 30, 
            "number": 8, 
            "crosslisted": null, 
            "course": 864, 
            "crn": 65162, 
            "seats_taken": 22
        }
    }, 
    {
        "pk": 164, 
        "model": "courses.period", 
        "fields": {
            "start": "12:00:00", 
            "days_of_week_flag": 8, 
            "end": "12:50:00"
        }
    }, 
    {
        "pk": 165, 
        "model": "courses.period", 
        "fields": {
            "start": "09:00:00", 
            "days_of_week_flag": 13, 
            "end": "09:50:00"
        }
    }, 
    {
        "pk": 4652, 
        "model": "courses.section", 
        "fields": {
            "seats_total": 30, 
            "number": 9, 
            "crosslisted": null, 
            "course": 864, 
            "crn": 65307, 
            "seats_taken": 28
        }
    }, 
    {
        "pk": 4653, 
        "model": "courses.section", 
        "fields": {
            "seats_total": 30, 
            "number": 10, 
            "crosslisted": null, 
            "course": 864, 
            "crn": 65308, 
            "seats_taken": 29
        }
    }, 
    {
        "pk": 4654, 
        "model": "courses.section", 
        "fields": {
            "seats_total": 30, 
            "number": 11, 
            "crosslisted": null, 
            "course": 864, 
            "crn": 65411, 
            "seats_taken": 28
        }
    }, 
    {
        "pk": 161, 
        "model": "courses.period", 
        "fields": {
            "start": "14:00:00", 
            "days_of_week_flag": 2, 
            "end": "14:50:00"
        }
    }, 
    {
        "pk": 4655, 
        "model": "courses.section", 
        "fields": {
            "seats_total": 30, 
            "number": 12, 
            "crosslisted": null, 
            "course": 864, 
            "crn": 65311, 
            "seats_taken": 20
        }
    }, 
    {
        "pk": 162, 
        "model": "courses.period", 
        "fields": {
            "start": "14:00:00", 
            "days_of_week_flag": 16, 
            "end": "14:50:00"
        }
    }, 
    {
        "pk": 4656, 
        "model": "courses.section", 
        "fields": {
            "seats_total": 30, 
            "number": 13, 
            "crosslisted": null, 
            "course": 864, 
            "crn": 65218, 
            "seats_taken": 29
        }
    }, 
    {
        "pk": 4657, 
        "model": "courses.section", 
        "fields": {
            "seats_total": 30, 
            "number": 14, 
            "crosslisted": null, 
            "course": 864, 
            "crn": 65219, 
            "seats_taken": 31
        }
    }, 
    {
        "pk": 4658, 
        "model": "courses.section", 
        "fields": {
            "seats_total": 30, 
            "number": 15, 
            "crosslisted": null, 
            "course": 864, 
            "crn": 65221, 
            "seats_taken": 28
        }
    }, 
    {
        "pk": 4659, 
        "model": "courses.section", 
        "fields": {
            "seats_total": 30, 
            "number": 16, 
            "crosslisted": null, 
            "course": 864, 
            "crn": 65220, 
            "seats_taken": 20
        }
    }, 
    {
        "pk": 7146, 
        "model": "courses.section", 
        "fields": {
            "seats_total": 30, 
            "number": 1, 
            "crosslisted": null, 
            "course": 864, 
            "crn": 73647, 
            "seats_taken": 30
        }
    }, 
    {
        "pk": 7147, 
        "model": "courses.section", 
        "fields": {
            "seats_total": 30, 
            "number": 2, 
            "crosslisted": null, 
            "course": 864, 
            "crn": 73648, 
            "seats_taken": 30
        }
    }, 
    {
        "pk": 7148, 
        "model": "courses.section", 
        "fields": {
            "seats_total": 30, 
            "number": 3, 
            "crosslisted": null, 
            "course": 864, 
            "crn": 73047, 
            "seats_taken": 29
        }
    }, 
    {
        "pk": 7149, 
        "model": "courses.section", 
        "fields": {
            "seats_total": 30, 
            "number": 4, 
            "crosslisted": null, 
            "course": 864, 
            "crn": 73048, 
            "seats_taken": 29
        }
    }, 
    {
        "pk": 34, 
        "model": "courses.period", 
        "fields": {
            "start": "12:00:00", 
            "days_of_week_flag": 18, 
            "end": "13:20:00"
        }
    }, 
    {
        "pk": 7150, 
        "model": "courses.section", 
        "fields": {
            "seats_total": 30, 
            "number": 5, 
            "crosslisted": null, 
            "course": 864, 
            "crn": 73049, 
            "seats_taken": 29
        }
    }, 
    {
        "pk": 7151, 
        "model": "courses.section", 
        "fields": {
            "seats_total": 30, 
            "number": 6, 
            "crosslisted": null, 
            "course": 864, 
            "crn": 74452, 
            "seats_taken": 29
        }
    }, 
    {
        "pk": 7152, 
        "model": "courses.section", 
        "fields": {
            "seats_total": 30, 
            "number": 7, 
            "crosslisted": null, 
            "course": 864, 
            "crn": 73149, 
            "seats_taken": 26
        }
    }, 
    {
        "pk": 7153, 
        "model": "courses.section", 
        "fields": {
            "seats_total": 30, 
            "number": 8, 
            "crosslisted": null, 
            "course": 864, 
            "crn": 73050, 
            "seats_taken": 27
        }
    }, 
    {
        "pk": 335, 
        "model": "courses.period", 
        "fields": {
            "start": "10:00:00", 
            "days_of_week_flag": 9, 
            "end": "11:30:00"
        }
    }, 
    {
        "pk": 7154, 
        "model": "courses.section", 
        "fields": {
            "seats_total": 30, 
            "number": 9, 
            "crosslisted": null, 
            "course": 864, 
            "crn": 73051, 
            "seats_taken": 10
        }
    }, 
    {
        "pk": 7155, 
        "model": "courses.section", 
        "fields": {
            "seats_total": 30, 
            "number": 10, 
            "crosslisted": null, 
            "course": 864, 
            "crn": 73123, 
            "seats_taken": 7
        }
    }, 
    {
        "pk": 7156, 
        "model": "courses.section", 
        "fields": {
            "seats_total": 30, 
            "number": 11, 
            "crosslisted": null, 
            "course": 864, 
            "crn": 73052, 
            "seats_taken": 29
        }
    }, 
    {
        "pk": 7157, 
        "model": "courses.section", 
        "fields": {
            "seats_total": 30, 
            "number": 12, 
            "crosslisted": null, 
            "course": 864, 
            "crn": 73053, 
            "seats_taken": 28
        }
    }, 
    {
        "pk": 83, 
        "model": "courses.period", 
        "fields": {
            "start": "14:00:00", 
            "days_of_week_flag": 9, 
            "end": "15:20:00"
        }
    }, 
    {
        "pk": 7159, 
        "model": "courses.section", 
        "fields": {
            "seats_total": 30, 
            "number": 17, 
            "crosslisted": null, 
            "course": 864, 
            "crn": 73043, 
            "seats_taken": 26
        }
    }, 
    {
        "pk": 7160, 
        "model": "courses.section", 
        "fields": {
            "seats_total": 30, 
            "number": 18, 
            "crosslisted": null, 
            "course": 864, 
            "crn": 73044, 
            "seats_taken": 28
        }
    }, 
    {
        "pk": 7161, 
        "model": "courses.section", 
        "fields": {
            "seats_total": 30, 
            "number": 19, 
            "crosslisted": null, 
            "course": 864, 
            "crn": 73156, 
            "seats_taken": 25
        }
    }, 
    {
        "pk": 175, 
        "model": "courses.period", 
        "fields": {
            "start": "15:00:00", 
            "days_of_week_flag": 2, 
            "end": "15:50:00"
        }
    }, 
    {
        "pk": 7162, 
        "model": "courses.section", 
        "fields": {
            "seats_total": 30, 
            "number": 20, 
            "crosslisted": null, 
            "course": 864, 
            "crn": 73359, 
            "seats_taken": 29
        }
    }, 
    {
        "pk": 297, 
        "model": "courses.period", 
        "fields": {
            "start": "15:00:00", 
            "days_of_week_flag": 16, 
            "end": "15:50:00"
        }
    }, 
    {
        "pk": 7163, 
        "model": "courses.section", 
        "fields": {
            "seats_total": 30, 
            "number": 21, 
            "crosslisted": null, 
            "course": 864, 
            "crn": 73360, 
            "seats_taken": 19
        }
    }, 
    {
        "pk": 7164, 
        "model": "courses.section", 
        "fields": {
            "seats_total": 30, 
            "number": 22, 
            "crosslisted": null, 
            "course": 864, 
            "crn": 73361, 
            "seats_taken": 28
        }
    }, 
    {
        "pk": 7165, 
        "model": "courses.section", 
        "fields": {
            "seats_total": 30, 
            "number": 23, 
            "crosslisted": null, 
            "course": 864, 
            "crn": 75553, 
            "seats_taken": 11
        }
    }, 
    {
        "pk": 7166, 
        "model": "courses.section", 
        "fields": {
            "seats_total": 30, 
            "number": 24, 
            "crosslisted": null, 
            "course": 864, 
            "crn": 75554, 
            "seats_taken": 11
        }
    }, 
    {
        "pk": 251, 
        "model": "courses.period", 
        "fields": {
            "start": "15:00:00", 
            "days_of_week_flag": 13, 
            "end": "15:50:00"
        }
    }, 
    {
        "pk": 9025, 
        "model": "courses.section", 
        "fields": {
            "seats_total": 30, 
            "number": 1, 
            "crosslisted": null, 
            "course": 864, 
            "crn": 85146, 
            "seats_taken": 31
        }
    }, 
    {
        "pk": 9026, 
        "model": "courses.section", 
        "fields": {
            "seats_total": 30, 
            "number": 2, 
            "crosslisted": null, 
            "course": 864, 
            "crn": 85147, 
            "seats_taken": 32
        }
    }, 
    {
        "pk": 9027, 
        "model": "courses.section", 
        "fields": {
            "seats_total": 30, 
            "number": 3, 
            "crosslisted": null, 
            "course": 864, 
            "crn": 85148, 
            "seats_taken": 27
        }
    }, 
    {
        "pk": 9028, 
        "model": "courses.section", 
        "fields": {
            "seats_total": 30, 
            "number": 4, 
            "crosslisted": null, 
            "course": 864, 
            "crn": 85149, 
            "seats_taken": 31
        }
    }, 
    {
        "pk": 328, 
        "model": "courses.period", 
        "fields": {
            "start": "15:00:00", 
            "days_of_week_flag": 22, 
            "end": "15:50:00"
        }
    }, 
    {
        "pk": 9029, 
        "model": "courses.section", 
        "fields": {
            "seats_total": 30, 
            "number": 5, 
            "crosslisted": null, 
            "course": 864, 
            "crn": 85150, 
            "seats_taken": 30
        }
    }, 
    {
        "pk": 9030, 
        "model": "courses.section", 
        "fields": {
            "seats_total": 30, 
            "number": 6, 
            "crosslisted": null, 
            "course": 864, 
            "crn": 85151, 
            "seats_taken": 13
        }
    }, 
    {
        "pk": 9031, 
        "model": "courses.section", 
        "fields": {
            "seats_total": 30, 
            "number": 7, 
            "crosslisted": null, 
            "course": 864, 
            "crn": 85152, 
            "seats_taken": 16
        }
    }, 
    {
        "pk": 9032, 
        "model": "courses.section", 
        "fields": {
            "seats_total": 30, 
            "number": 8, 
            "crosslisted": null, 
            "course": 864, 
            "crn": 85153, 
            "seats_taken": 10
        }
    }, 
    {
        "pk": 9033, 
        "model": "courses.section", 
        "fields": {
            "seats_total": 30, 
            "number": 9, 
            "crosslisted": null, 
            "course": 864, 
            "crn": 85296, 
            "seats_taken": 28
        }
    }, 
    {
        "pk": 9034, 
        "model": "courses.section", 
        "fields": {
            "seats_total": 30, 
            "number": 10, 
            "crosslisted": null, 
            "course": 864, 
            "crn": 85297, 
            "seats_taken": 26
        }
    }, 
    {
        "pk": 9035, 
        "model": "courses.section", 
        "fields": {
            "seats_total": 30, 
            "number": 11, 
            "crosslisted": null, 
            "course": 864, 
            "crn": 85393, 
            "seats_taken": 11
        }
    }, 
    {
        "pk": 9036, 
        "model": "courses.section", 
        "fields": {
            "seats_total": 30, 
            "number": 12, 
            "crosslisted": null, 
            "course": 864, 
            "crn": 85300, 
            "seats_taken": 11
        }
    }, 
    {
        "pk": 9037, 
        "model": "courses.section", 
        "fields": {
            "seats_total": 30, 
            "number": 13, 
            "crosslisted": null, 
            "course": 864, 
            "crn": 85208, 
            "seats_taken": 29
        }
    }, 
    {
        "pk": 9038, 
        "model": "courses.section", 
        "fields": {
            "seats_total": 30, 
            "number": 14, 
            "crosslisted": null, 
            "course": 864, 
            "crn": 85209, 
            "seats_taken": 21
        }
    }, 
    {
        "pk": 9039, 
        "model": "courses.section", 
        "fields": {
            "seats_total": 30, 
            "number": 15, 
            "crosslisted": null, 
            "course": 864, 
            "crn": 85211, 
            "seats_taken": 28
        }
    }, 
    {
        "pk": 9040, 
        "model": "courses.section", 
        "fields": {
            "seats_total": 30, 
            "number": 16, 
            "crosslisted": null, 
            "course": 864, 
            "crn": 85210, 
            "seats_taken": 25
        }
    }, 
    {
        "pk": 7158, 
        "model": "courses.section", 
        "fields": {
            "seats_total": 30, 
            "number": 13, 
            "crosslisted": null, 
            "course": 864, 
            "crn": 73040, 
            "seats_taken": 0
        }
    }, 
    {
        "pk": 3, 
        "model": "courses.semester", 
        "fields": {
            "date_updated": "2011-09-25 17:36:16", 
            "month": 5, 
            "ref": "201005.xml", 
            "name": "Summer 2010", 
            "year": 2010
        }
    }, 
    {
        "pk": 6, 
        "model": "courses.semester", 
        "fields": {
            "date_updated": "2011-09-25 17:36:59", 
            "month": 5, 
            "ref": "201105.xml", 
            "name": "Summer 2011", 
            "year": 2011
        }
    }
]