[
    {
        "pk": 802, 
        "model": "courses.course", 
        "fields": {
            "name": "DATA STRUCTURES", 
            "min_credits": 4, 
            "grade_type": "", 
            "number": 1200, 
            "max_credits": 4, 
            "department": 10
        }
    }, 
    {
        "pk": 1137, 
        "model": "courses.sectionperiod", 
        "fields": {
            "kind": "LEC", 
            "section": 2100, 
            "period": 16, 
            "semester": 2, 
            "location": "DARRIN 308", 
            "instructor": "Stewart"
        }
    }, 
    {
        "pk": 1138, 
        "model": "courses.sectionperiod", 
        "fields": {
            "kind": "LAB", 
            "section": 2100, 
            "period": 28, 
            "semester": 2, 
            "location": "SAGE 2715", 
            "instructor": "Staff"
        }
    }, 
    {
        "pk": 1139, 
        "model": "courses.sectionperiod", 
        "fields": {
            "kind": "LEC", 
            "section": 2101, 
            "period": 16, 
            "semester": 2, 
            "location": "DARRIN 308", 
            "instructor": "Stewart"
        }
    }, 
    {
        "pk": 1140, 
        "model": "courses.sectionperiod", 
        "fields": {
            "kind": "LAB", 
            "section": 2101, 
            "period": 28, 
            "semester": 2, 
            "location": "LALLY 102", 
            "instructor": "Staff"
        }
    }, 
    {
        "pk": 1141, 
        "model": "courses.sectionperiod", 
        "fields": {
            "kind": "LEC", 
            "section": 2102, 
            "period": 16, 
            "semester": 2, 
            "location": "DARRIN 308", 
            "instructor": "Stewart"
        }
    }, 
    {
        "pk": 1142, 
        "model": "courses.sectionperiod", 
        "fields": {
            "kind": "LAB", 
            "section": 2102, 
            "period": 29, 
            "semester": 2, 
            "location": "EATON 216", 
            "instructor": "Staff"
        }
    }, 
    {
        "pk": 1143, 
        "model": "courses.sectionperiod", 
        "fields": {
            "kind": "LEC", 
            "section": 2103, 
            "period": 16, 
            "semester": 2, 
            "location": "DARRIN 308", 
            "instructor": "Stewart"
        }
    }, 
    {
        "pk": 1144, 
        "model": "courses.sectionperiod", 
        "fields": {
            "kind": "LAB", 
            "section": 2103, 
            "period": 30, 
            "semester": 2, 
            "location": "LALLY 104", 
            "instructor": "Staff"
        }
    }, 
    {
        "pk": 1145, 
        "model": "courses.sectionperiod", 
        "fields": {
            "kind": "LEC", 
            "section": 2104, 
            "period": 16, 
            "semester": 2, 
            "location": "DARRIN 308", 
            "instructor": "Stewart"
        }
    }, 
    {
        "pk": 1146, 
        "model": "courses.sectionperiod", 
        "fields": {
            "kind": "LAB", 
            "section": 2104, 
            "period": 9, 
            "semester": 2, 
            "location": "SAGE 2715", 
            "instructor": "Staff"
        }
    }, 
    {
        "pk": 1147, 
        "model": "courses.sectionperiod", 
        "fields": {
            "kind": "LEC", 
            "section": 2105, 
            "period": 16, 
            "semester": 2, 
            "location": "DARRIN 308", 
            "instructor": "Stewart"
        }
    }, 
    {
        "pk": 1148, 
        "model": "courses.sectionperiod", 
        "fields": {
            "kind": "LAB", 
            "section": 2105, 
            "period": 101, 
            "semester": 2, 
            "location": "SAGE 2715", 
            "instructor": "Staff"
        }
    }, 
    {
        "pk": 1149, 
        "model": "courses.sectionperiod", 
        "fields": {
            "kind": "LEC", 
            "section": 2106, 
            "period": 16, 
            "semester": 2, 
            "location": "DARRIN 308", 
            "instructor": "Stewart"
        }
    }, 
    {
        "pk": 1150, 
        "model": "courses.sectionperiod", 
        "fields": {
            "kind": "LAB", 
            "section": 2106, 
            "period": 29, 
            "semester": 2, 
            "location": "SAGE 2715", 
            "instructor": "Staff"
        }
    }, 
    {
        "pk": 2560, 
        "model": "courses.sectionperiod", 
        "fields": {
            "kind": "LEC", 
            "section": 4478, 
            "period": 18, 
            "semester": 4, 
            "location": "SAGE 3510", 
            "instructor": "Cutler"
        }
    }, 
    {
        "pk": 2561, 
        "model": "courses.sectionperiod", 
        "fields": {
            "kind": "REC", 
            "section": 4478, 
            "period": 30, 
            "semester": 4, 
            "location": "SAGE 2704", 
            "instructor": "Staff"
        }
    }, 
    {
        "pk": 2562, 
        "model": "courses.sectionperiod", 
        "fields": {
            "kind": "LEC", 
            "section": 4479, 
            "period": 18, 
            "semester": 4, 
            "location": "SAGE 3510", 
            "instructor": "Cutler"
        }
    }, 
    {
        "pk": 2563, 
        "model": "courses.sectionperiod", 
        "fields": {
            "kind": "LAB", 
            "section": 4479, 
            "period": 28, 
            "semester": 4, 
            "location": "SAGE 2704", 
            "instructor": "Staff"
        }
    }, 
    {
        "pk": 2564, 
        "model": "courses.sectionperiod", 
        "fields": {
            "kind": "LEC", 
            "section": 4480, 
            "period": 18, 
            "semester": 4, 
            "location": "SAGE 3510", 
            "instructor": "Cutler"
        }
    }, 
    {
        "pk": 2565, 
        "model": "courses.sectionperiod", 
        "fields": {
            "kind": "LAB", 
            "section": 4480, 
            "period": 29, 
            "semester": 4, 
            "location": "SAGE 2704", 
            "instructor": "Staff"
        }
    }, 
    {
        "pk": 2566, 
        "model": "courses.sectionperiod", 
        "fields": {
            "kind": "LEC", 
            "section": 4481, 
            "period": 18, 
            "semester": 4, 
            "location": "SAGE 3510", 
            "instructor": "Cutler"
        }
    }, 
    {
        "pk": 2567, 
        "model": "courses.sectionperiod", 
        "fields": {
            "kind": "LAB", 
            "section": 4481, 
            "period": 30, 
            "semester": 4, 
            "location": "LOW 4040", 
            "instructor": "Staff"
        }
    }, 
    {
        "pk": 2568, 
        "model": "courses.sectionperiod", 
        "fields": {
            "kind": "LEC", 
            "section": 4482, 
            "period": 18, 
            "semester": 4, 
            "location": "SAGE 3510", 
            "instructor": "Cutler"
        }
    }, 
    {
        "pk": 2569, 
        "model": "courses.sectionperiod", 
        "fields": {
            "kind": "LAB", 
            "section": 4482, 
            "period": 9, 
            "semester": 4, 
            "location": "SAGE 2704", 
            "instructor": "Staff"
        }
    }, 
    {
        "pk": 3841, 
        "model": "courses.sectionperiod", 
        "fields": {
            "kind": "LEC", 
            "section": 6892, 
            "period": 16, 
            "semester": 5, 
            "location": "DARRIN 308", 
            "instructor": "Stewart"
        }
    }, 
    {
        "pk": 3842, 
        "model": "courses.sectionperiod", 
        "fields": {
            "kind": "LAB", 
            "section": 6892, 
            "period": 28, 
            "semester": 5, 
            "location": "SAGE 2715", 
            "instructor": "Staff"
        }
    }, 
    {
        "pk": 3843, 
        "model": "courses.sectionperiod", 
        "fields": {
            "kind": "LEC", 
            "section": 6893, 
            "period": 16, 
            "semester": 5, 
            "location": "DARRIN 308", 
            "instructor": "Stewart"
        }
    }, 
    {
        "pk": 3844, 
        "model": "courses.sectionperiod", 
        "fields": {
            "kind": "LAB", 
            "section": 6893, 
            "period": 28, 
            "semester": 5, 
            "location": "LALLY 102", 
            "instructor": "Staff"
        }
    }, 
    {
        "pk": 3845, 
        "model": "courses.sectionperiod", 
        "fields": {
            "kind": "LEC", 
            "section": 6894, 
            "period": 16, 
            "semester": 5, 
            "location": "DARRIN 308", 
            "instructor": "Stewart"
        }
    }, 
    {
        "pk": 3846, 
        "model": "courses.sectionperiod", 
        "fields": {
            "kind": "LAB", 
            "section": 6894, 
            "period": 29, 
            "semester": 5, 
            "location": "EATON 216", 
            "instructor": "Staff"
        }
    }, 
    {
        "pk": 3847, 
        "model": "courses.sectionperiod", 
        "fields": {
            "kind": "LEC", 
            "section": 6895, 
            "period": 16, 
            "semester": 5, 
            "location": "DARRIN 308", 
            "instructor": "Stewart"
        }
    }, 
    {
        "pk": 3848, 
        "model": "courses.sectionperiod", 
        "fields": {
            "kind": "LAB", 
            "section": 6895, 
            "period": 30, 
            "semester": 5, 
            "location": "LALLY 104", 
            "instructor": "Staff"
        }
    }, 
    {
        "pk": 3849, 
        "model": "courses.sectionperiod", 
        "fields": {
            "kind": "LEC", 
            "section": 6896, 
            "period": 16, 
            "semester": 5, 
            "location": "DARRIN 308", 
            "instructor": "Stewart"
        }
    }, 
    {
        "pk": 3850, 
        "model": "courses.sectionperiod", 
        "fields": {
            "kind": "LAB", 
            "section": 6896, 
            "period": 9, 
            "semester": 5, 
            "location": "SAGE 2715", 
            "instructor": "Staff"
        }
    }, 
    {
        "pk": 3851, 
        "model": "courses.sectionperiod", 
        "fields": {
            "kind": "LEC", 
            "section": 6897, 
            "period": 16, 
            "semester": 5, 
            "location": "DARRIN 308", 
            "instructor": "Stewart"
        }
    }, 
    {
        "pk": 3852, 
        "model": "courses.sectionperiod", 
        "fields": {
            "kind": "LAB", 
            "section": 6897, 
            "period": 101, 
            "semester": 5, 
            "location": "SAGE 2715", 
            "instructor": "Staff"
        }
    }, 
    {
        "pk": 3853, 
        "model": "courses.sectionperiod", 
        "fields": {
            "kind": "LEC", 
            "section": 6898, 
            "period": 16, 
            "semester": 5, 
            "location": "DARRIN 308", 
            "instructor": "Stewart"
        }
    }, 
    {
        "pk": 3854, 
        "model": "courses.sectionperiod", 
        "fields": {
            "kind": "LAB", 
            "section": 6898, 
            "period": 29, 
            "semester": 5, 
            "location": "SAGE 2715", 
            "instructor": "Staff"
        }
    }, 
    {
        "pk": 5272, 
        "model": "courses.sectionperiod", 
        "fields": {
            "kind": "LEC", 
            "section": 8880, 
            "period": 18, 
            "semester": 7, 
            "location": "SAGE 3510", 
            "instructor": "Cutler"
        }
    }, 
    {
        "pk": 5273, 
        "model": "courses.sectionperiod", 
        "fields": {
            "kind": "REC", 
            "section": 8880, 
            "period": 30, 
            "semester": 7, 
            "location": "SAGE 2704", 
            "instructor": "Staff"
        }
    }, 
    {
        "pk": 5274, 
        "model": "courses.sectionperiod", 
        "fields": {
            "kind": "LEC", 
            "section": 8881, 
            "period": 18, 
            "semester": 7, 
            "location": "SAGE 3510", 
            "instructor": "Cutler"
        }
    }, 
    {
        "pk": 5275, 
        "model": "courses.sectionperiod", 
        "fields": {
            "kind": "LAB", 
            "section": 8881, 
            "period": 28, 
            "semester": 7, 
            "location": "SAGE 2704", 
            "instructor": "Staff"
        }
    }, 
    {
        "pk": 5276, 
        "model": "courses.sectionperiod", 
        "fields": {
            "kind": "LEC", 
            "section": 8882, 
            "period": 18, 
            "semester": 7, 
            "location": "SAGE 3510", 
            "instructor": "Cutler"
        }
    }, 
    {
        "pk": 5277, 
        "model": "courses.sectionperiod", 
        "fields": {
            "kind": "LAB", 
            "section": 8882, 
            "period": 29, 
            "semester": 7, 
            "location": "SAGE 2704", 
            "instructor": "Staff"
        }
    }, 
    {
        "pk": 5278, 
        "model": "courses.sectionperiod", 
        "fields": {
            "kind": "LEC", 
            "section": 8883, 
            "period": 18, 
            "semester": 7, 
            "location": "SAGE 3510", 
            "instructor": "Cutler"
        }
    }, 
    {
        "pk": 5279, 
        "model": "courses.sectionperiod", 
        "fields": {
            "kind": "LAB", 
            "section": 8883, 
            "period": 30, 
            "semester": 7, 
            "location": "LOW 4040", 
            "instructor": "Staff"
        }
    }, 
    {
        "pk": 5280, 
        "model": "courses.sectionperiod", 
        "fields": {
            "kind": "LEC", 
            "section": 8884, 
            "period": 18, 
            "semester": 7, 
            "location": "SAGE 3510", 
            "instructor": "Cutler"
        }
    }, 
    {
        "pk": 5281, 
        "model": "courses.sectionperiod", 
        "fields": {
            "kind": "LAB", 
            "section": 8884, 
            "period": 9, 
            "semester": 7, 
            "location": "SAGE 2704", 
            "instructor": "Staff"
        }
    }, 
    {
        "pk": 2100, 
        "model": "courses.semestersection", 
        "fields": {
            "semester": 2, 
            "section": 2100
        }
    }, 
    {
        "pk": 2101, 
        "model": "courses.semestersection", 
        "fields": {
            "semester": 2, 
            "section": 2101
        }
    }, 
    {
        "pk": 2102, 
        "model": "courses.semestersection", 
        "fields": {
            "semester": 2, 
            "section": 2102
        }
    }, 
    {
        "pk": 2103, 
        "model": "courses.semestersection", 
        "fields": {
            "semester": 2, 
            "section": 2103
        }
    }, 
    {
        "pk": 2104, 
        "model": "courses.semestersection", 
        "fields": {
            "semester": 2, 
            "section": 2104
        }
    }, 
    {
        "pk": 2105, 
        "model": "courses.semestersection", 
        "fields": {
            "semester": 2, 
            "section": 2105
        }
    }, 
    {
        "pk": 2106, 
        "model": "courses.semestersection", 
        "fields": {
            "semester": 2, 
            "section": 2106
        }
    }, 
    {
        "pk": 4478, 
        "model": "courses.semestersection", 
        "fields": {
            "semester": 4, 
            "section": 4478
        }
    }, 
    {
        "pk": 4479, 
        "model": "courses.semestersection", 
        "fields": {
            "semester": 4, 
            "section": 4479
        }
    }, 
    {
        "pk": 4480, 
        "model": "courses.semestersection", 
        "fields": {
            "semester": 4, 
            "section": 4480
        }
    }, 
    {
        "pk": 4481, 
        "model": "courses.semestersection", 
        "fields": {
            "semester": 4, 
            "section": 4481
        }
    }, 
    {
        "pk": 4482, 
        "model": "courses.semestersection", 
        "fields": {
            "semester": 4, 
            "section": 4482
        }
    }, 
    {
        "pk": 6892, 
        "model": "courses.semestersection", 
        "fields": {
            "semester": 5, 
            "section": 6892
        }
    }, 
    {
        "pk": 6893, 
        "model": "courses.semestersection", 
        "fields": {
            "semester": 5, 
            "section": 6893
        }
    }, 
    {
        "pk": 6894, 
        "model": "courses.semestersection", 
        "fields": {
            "semester": 5, 
            "section": 6894
        }
    }, 
    {
        "pk": 6895, 
        "model": "courses.semestersection", 
        "fields": {
            "semester": 5, 
            "section": 6895
        }
    }, 
    {
        "pk": 6896, 
        "model": "courses.semestersection", 
        "fields": {
            "semester": 5, 
            "section": 6896
        }
    }, 
    {
        "pk": 6897, 
        "model": "courses.semestersection", 
        "fields": {
            "semester": 5, 
            "section": 6897
        }
    }, 
    {
        "pk": 6898, 
        "model": "courses.semestersection", 
        "fields": {
            "semester": 5, 
            "section": 6898
        }
    }, 
    {
        "pk": 8880, 
        "model": "courses.semestersection", 
        "fields": {
            "semester": 7, 
            "section": 8880
        }
    }, 
    {
        "pk": 8881, 
        "model": "courses.semestersection", 
        "fields": {
            "semester": 7, 
            "section": 8881
        }
    }, 
    {
        "pk": 8882, 
        "model": "courses.semestersection", 
        "fields": {
            "semester": 7, 
            "section": 8882
        }
    }, 
    {
        "pk": 8883, 
        "model": "courses.semestersection", 
        "fields": {
            "semester": 7, 
            "section": 8883
        }
    }, 
    {
        "pk": 8884, 
        "model": "courses.semestersection", 
        "fields": {
            "semester": 7, 
            "section": 8884
        }
    }, 
    {
        "pk": 10, 
        "model": "courses.department", 
        "fields": {
            "code": "CSCI", 
            "name": "Computer Science"
        }
    }, 
    {
        "pk": 2, 
        "model": "courses.semester", 
        "fields": {
            "date_updated": "2011-09-25 17:36:15", 
            "month": 1, 
            "ref": "201001.xml", 
            "name": "Spring 2010", 
            "year": 2010
        }
    }, 
    {
        "pk": 4, 
        "model": "courses.semester", 
        "fields": {
            "date_updated": "2011-09-25 17:36:37", 
            "month": 9, 
            "ref": "201009.xml", 
            "name": "Fall 2010", 
            "year": 2010
        }
    }, 
    {
        "pk": 5, 
        "model": "courses.semester", 
        "fields": {
            "date_updated": "2011-09-25 17:36:58", 
            "month": 1, 
            "ref": "201101.xml", 
            "name": "Spring 2011", 
            "year": 2011
        }
    }, 
    {
        "pk": 7, 
        "model": "courses.semester", 
        "fields": {
            "date_updated": "2011-09-25 17:37:20", 
            "month": 9, 
            "ref": "201109.xml", 
            "name": "Fall 2011", 
            "year": 2011
        }
    }, 
    {
        "pk": 16, 
        "model": "courses.period", 
        "fields": {
            "start": "12:00:00", 
            "days_of_week_flag": 9, 
            "end": "13:50:00"
        }
    }, 
    {
        "pk": 2100, 
        "model": "courses.section", 
        "fields": {
            "seats_total": 33, 
            "number": 1, 
            "crosslisted": null, 
            "course": 802, 
            "crn": 50734, 
            "seats_taken": 26
        }
    }, 
    {
        "pk": 28, 
        "model": "courses.period", 
        "fields": {
            "start": "10:00:00", 
            "days_of_week_flag": 4, 
            "end": "11:50:00"
        }
    }, 
    {
        "pk": 2101, 
        "model": "courses.section", 
        "fields": {
            "seats_total": 33, 
            "number": 2, 
            "crosslisted": null, 
            "course": 802, 
            "crn": 50735, 
            "seats_taken": 28
        }
    }, 
    {
        "pk": 2102, 
        "model": "courses.section", 
        "fields": {
            "seats_total": 33, 
            "number": 3, 
            "crosslisted": null, 
            "course": 802, 
            "crn": 50736, 
            "seats_taken": 30
        }
    }, 
    {
        "pk": 29, 
        "model": "courses.period", 
        "fields": {
            "start": "12:00:00", 
            "days_of_week_flag": 4, 
            "end": "13:50:00"
        }
    }, 
    {
        "pk": 2103, 
        "model": "courses.section", 
        "fields": {
            "seats_total": 33, 
            "number": 4, 
            "crosslisted": null, 
            "course": 802, 
            "crn": 50737, 
            "seats_taken": 29
        }
    }, 
    {
        "pk": 30, 
        "model": "courses.period", 
        "fields": {
            "start": "14:00:00", 
            "days_of_week_flag": 4, 
            "end": "15:50:00"
        }
    }, 
    {
        "pk": 2104, 
        "model": "courses.section", 
        "fields": {
            "seats_total": 33, 
            "number": 5, 
            "crosslisted": null, 
            "course": 802, 
            "crn": 50738, 
            "seats_taken": 31
        }
    }, 
    {
        "pk": 9, 
        "model": "courses.period", 
        "fields": {
            "start": "16:00:00", 
            "days_of_week_flag": 4, 
            "end": "17:50:00"
        }
    }, 
    {
        "pk": 2105, 
        "model": "courses.section", 
        "fields": {
            "seats_total": 33, 
            "number": 6, 
            "crosslisted": null, 
            "course": 802, 
            "crn": 50739, 
            "seats_taken": 26
        }
    }, 
    {
        "pk": 101, 
        "model": "courses.period", 
        "fields": {
            "start": "18:00:00", 
            "days_of_week_flag": 4, 
            "end": "19:50:00"
        }
    }, 
    {
        "pk": 2106, 
        "model": "courses.section", 
        "fields": {
            "seats_total": 33, 
            "number": 7, 
            "crosslisted": null, 
            "course": 802, 
            "crn": 50740, 
            "seats_taken": 32
        }
    }, 
    {
        "pk": 18, 
        "model": "courses.period", 
        "fields": {
            "start": "14:00:00", 
            "days_of_week_flag": 18, 
            "end": "15:50:00"
        }
    }, 
    {
        "pk": 4478, 
        "model": "courses.section", 
        "fields": {
            "seats_total": 32, 
            "number": 1, 
            "crosslisted": null, 
            "course": 802, 
            "crn": 66808, 
            "seats_taken": 23
        }
    }, 
    {
        "pk": 4479, 
        "model": "courses.section", 
        "fields": {
            "seats_total": 30, 
            "number": 2, 
            "crosslisted": null, 
            "course": 802, 
            "crn": 65068, 
            "seats_taken": 16
        }
    }, 
    {
        "pk": 4480, 
        "model": "courses.section", 
        "fields": {
            "seats_total": 30, 
            "number": 3, 
            "crosslisted": null, 
            "course": 802, 
            "crn": 65069, 
            "seats_taken": 23
        }
    }, 
    {
        "pk": 4481, 
        "model": "courses.section", 
        "fields": {
            "seats_total": 30, 
            "number": 4, 
            "crosslisted": null, 
            "course": 802, 
            "crn": 65070, 
            "seats_taken": 22
        }
    }, 
    {
        "pk": 4482, 
        "model": "courses.section", 
        "fields": {
            "seats_total": 30, 
            "number": 5, 
            "crosslisted": null, 
            "course": 802, 
            "crn": 65513, 
            "seats_taken": 17
        }
    }, 
    {
        "pk": 6892, 
        "model": "courses.section", 
        "fields": {
            "seats_total": 33, 
            "number": 1, 
            "crosslisted": null, 
            "course": 802, 
            "crn": 73572, 
            "seats_taken": 24
        }
    }, 
    {
        "pk": 6893, 
        "model": "courses.section", 
        "fields": {
            "seats_total": 33, 
            "number": 2, 
            "crosslisted": null, 
            "course": 802, 
            "crn": 73573, 
            "seats_taken": 25
        }
    }, 
    {
        "pk": 6894, 
        "model": "courses.section", 
        "fields": {
            "seats_total": 33, 
            "number": 3, 
            "crosslisted": null, 
            "course": 802, 
            "crn": 73574, 
            "seats_taken": 29
        }
    }, 
    {
        "pk": 6895, 
        "model": "courses.section", 
        "fields": {
            "seats_total": 33, 
            "number": 4, 
            "crosslisted": null, 
            "course": 802, 
            "crn": 73575, 
            "seats_taken": 30
        }
    }, 
    {
        "pk": 6896, 
        "model": "courses.section", 
        "fields": {
            "seats_total": 33, 
            "number": 5, 
            "crosslisted": null, 
            "course": 802, 
            "crn": 73576, 
            "seats_taken": 30
        }
    }, 
    {
        "pk": 6897, 
        "model": "courses.section", 
        "fields": {
            "seats_total": 33, 
            "number": 6, 
            "crosslisted": null, 
            "course": 802, 
            "crn": 73577, 
            "seats_taken": 29
        }
    }, 
    {
        "pk": 6898, 
        "model": "courses.section", 
        "fields": {
            "seats_total": 33, 
            "number": 7, 
            "crosslisted": null, 
            "course": 802, 
            "crn": 73578, 
            "seats_taken": 32
        }
    }, 
    {
        "pk": 8880, 
        "model": "courses.section", 
        "fields": {
            "seats_total": 30, 
            "number": 1, 
            "crosslisted": null, 
            "course": 802, 
            "crn": 86729, 
            "seats_taken": 25
        }
    }, 
    {
        "pk": 8881, 
        "model": "courses.section", 
        "fields": {
            "seats_total": 30, 
            "number": 2, 
            "crosslisted": null, 
            "course": 802, 
            "crn": 85062, 
            "seats_taken": 18
        }
    }, 
    {
        "pk": 8882, 
        "model": "courses.section", 
        "fields": {
            "seats_total": 30, 
            "number": 3, 
            "crosslisted": null, 
            "course": 802, 
            "crn": 85063, 
            "seats_taken": 23
        }
    }, 
    {
        "pk": 8883, 
        "model": "courses.section", 
        "fields": {
            "seats_total": 30, 
            "number": 4, 
            "crosslisted": null, 
            "course": 802, 
            "crn": 85064, 
            "seats_taken": 27
        }
    }, 
    {
        "pk": 8884, 
        "model": "courses.section", 
        "fields": {
            "seats_total": 30, 
            "number": 5, 
            "crosslisted": null, 
            "course": 802, 
            "crn": 85487, 
            "seats_taken": 28
        }
    }, 
    {
        "pk": 3, 
        "model": "courses.semester", 
        "fields": {
            "date_updated": "2011-09-25 17:36:16", 
            "month": 5, 
            "ref": "201005.xml", 
            "name": "Summer 2010", 
            "year": 2010
        }
    }, 
    {
        "pk": 6, 
        "model": "courses.semester", 
        "fields": {
            "date_updated": "2011-09-25 17:36:59", 
            "month": 5, 
            "ref": "201105.xml", 
            "name": "Summer 2011", 
            "year": 2011
        }
    }
]