[
    {
        "pk": 479, 
        "model": "courses.course", 
        "fields": {
            "name": "INTRODUCTION TO ALGORITHMS", 
            "min_credits": 4, 
            "grade_type": "", 
            "number": 2300, 
            "max_credits": 4, 
            "department": 10
        }
    }, 
    {
        "pk": 629, 
        "model": "courses.sectionperiod", 
        "fields": {
            "kind": "LEC", 
            "section": 1234, 
            "period": 16, 
            "semester": 2, 
            "location": "EATON 214", 
            "instructor": "Das"
        }
    }, 
    {
        "pk": 630, 
        "model": "courses.sectionperiod", 
        "fields": {
            "kind": "LAB", 
            "section": 1234, 
            "period": 28, 
            "semester": 2, 
            "location": "LALLY 104", 
            "instructor": "Staff"
        }
    }, 
    {
        "pk": 631, 
        "model": "courses.sectionperiod", 
        "fields": {
            "kind": "LEC", 
            "section": 1235, 
            "period": 16, 
            "semester": 2, 
            "location": "EATON 214", 
            "instructor": "Das"
        }
    }, 
    {
        "pk": 632, 
        "model": "courses.sectionperiod", 
        "fields": {
            "kind": "LAB", 
            "section": 1235, 
            "period": 30, 
            "semester": 2, 
            "location": "SAGE 2715", 
            "instructor": "Staff"
        }
    }, 
    {
        "pk": 633, 
        "model": "courses.sectionperiod", 
        "fields": {
            "kind": "LEC", 
            "section": 1236, 
            "period": 16, 
            "semester": 2, 
            "location": "EATON 214", 
            "instructor": "Das"
        }
    }, 
    {
        "pk": 634, 
        "model": "courses.sectionperiod", 
        "fields": {
            "kind": "LAB", 
            "section": 1236, 
            "period": 29, 
            "semester": 2, 
            "location": "LALLY 104", 
            "instructor": "Staff"
        }
    }, 
    {
        "pk": 635, 
        "model": "courses.sectionperiod", 
        "fields": {
            "kind": "LEC", 
            "section": 1237, 
            "period": 16, 
            "semester": 2, 
            "location": "EATON 214", 
            "instructor": "Das"
        }
    }, 
    {
        "pk": 636, 
        "model": "courses.sectionperiod", 
        "fields": {
            "kind": "LAB", 
            "section": 1237, 
            "period": 9, 
            "semester": 2, 
            "location": "LALLY 104", 
            "instructor": "Staff"
        }
    }, 
    {
        "pk": 2029, 
        "model": "courses.sectionperiod", 
        "fields": {
            "kind": "LEC", 
            "section": 3568, 
            "period": 46, 
            "semester": 4, 
            "location": "DARRIN 318", 
            "instructor": "Krishnamoorthy"
        }
    }, 
    {
        "pk": 2030, 
        "model": "courses.sectionperiod", 
        "fields": {
            "kind": "LAB", 
            "section": 3568, 
            "period": 101, 
            "semester": 4, 
            "location": "EATON 216", 
            "instructor": "Staff"
        }
    }, 
    {
        "pk": 2031, 
        "model": "courses.sectionperiod", 
        "fields": {
            "kind": "LEC", 
            "section": 3569, 
            "period": 46, 
            "semester": 4, 
            "location": "DARRIN 318", 
            "instructor": "Krishnamoorthy"
        }
    }, 
    {
        "pk": 2032, 
        "model": "courses.sectionperiod", 
        "fields": {
            "kind": "LAB", 
            "section": 3569, 
            "period": 30, 
            "semester": 4, 
            "location": "EATON 216", 
            "instructor": "Staff"
        }
    }, 
    {
        "pk": 2033, 
        "model": "courses.sectionperiod", 
        "fields": {
            "kind": "LEC", 
            "section": 3570, 
            "period": 46, 
            "semester": 4, 
            "location": "DARRIN 318", 
            "instructor": "Krishnamoorthy"
        }
    }, 
    {
        "pk": 2034, 
        "model": "courses.sectionperiod", 
        "fields": {
            "kind": "LAB", 
            "section": 3570, 
            "period": 29, 
            "semester": 4, 
            "location": "SAGE 2715", 
            "instructor": "Staff"
        }
    }, 
    {
        "pk": 2035, 
        "model": "courses.sectionperiod", 
        "fields": {
            "kind": "LEC", 
            "section": 3571, 
            "period": 46, 
            "semester": 4, 
            "location": "DARRIN 318", 
            "instructor": "Krishnamoorthy"
        }
    }, 
    {
        "pk": 2036, 
        "model": "courses.sectionperiod", 
        "fields": {
            "kind": "LAB", 
            "section": 3571, 
            "period": 28, 
            "semester": 4, 
            "location": "SAGE 2715", 
            "instructor": "Staff"
        }
    }, 
    {
        "pk": 2037, 
        "model": "courses.sectionperiod", 
        "fields": {
            "kind": "LEC", 
            "section": 3572, 
            "period": 46, 
            "semester": 4, 
            "location": "DARRIN 318", 
            "instructor": "Krishnamoorthy"
        }
    }, 
    {
        "pk": 2038, 
        "model": "courses.sectionperiod", 
        "fields": {
            "kind": "LAB", 
            "section": 3572, 
            "period": 29, 
            "semester": 4, 
            "location": "EATON 216", 
            "instructor": "Staff"
        }
    }, 
    {
        "pk": 2039, 
        "model": "courses.sectionperiod", 
        "fields": {
            "kind": "LEC", 
            "section": 3573, 
            "period": 46, 
            "semester": 4, 
            "location": "DARRIN 318", 
            "instructor": "Krishnamoorthy"
        }
    }, 
    {
        "pk": 2040, 
        "model": "courses.sectionperiod", 
        "fields": {
            "kind": "LAB", 
            "section": 3573, 
            "period": 30, 
            "semester": 4, 
            "location": "SAGE 2715", 
            "instructor": "Staff"
        }
    }, 
    {
        "pk": 3341, 
        "model": "courses.sectionperiod", 
        "fields": {
            "kind": "LEC", 
            "section": 6089, 
            "period": 16, 
            "semester": 5, 
            "location": "EATON 214", 
            "instructor": "Das"
        }
    }, 
    {
        "pk": 3342, 
        "model": "courses.sectionperiod", 
        "fields": {
            "kind": "LAB", 
            "section": 6089, 
            "period": 28, 
            "semester": 5, 
            "location": "LALLY 104", 
            "instructor": "Staff"
        }
    }, 
    {
        "pk": 3343, 
        "model": "courses.sectionperiod", 
        "fields": {
            "kind": "LEC", 
            "section": 6090, 
            "period": 16, 
            "semester": 5, 
            "location": "EATON 214", 
            "instructor": "Das"
        }
    }, 
    {
        "pk": 3344, 
        "model": "courses.sectionperiod", 
        "fields": {
            "kind": "LAB", 
            "section": 6090, 
            "period": 30, 
            "semester": 5, 
            "location": "SAGE 2715", 
            "instructor": "Staff"
        }
    }, 
    {
        "pk": 3345, 
        "model": "courses.sectionperiod", 
        "fields": {
            "kind": "LEC", 
            "section": 6091, 
            "period": 16, 
            "semester": 5, 
            "location": "EATON 214", 
            "instructor": "Das"
        }
    }, 
    {
        "pk": 3346, 
        "model": "courses.sectionperiod", 
        "fields": {
            "kind": "LAB", 
            "section": 6091, 
            "period": 29, 
            "semester": 5, 
            "location": "LALLY 104", 
            "instructor": "Staff"
        }
    }, 
    {
        "pk": 3347, 
        "model": "courses.sectionperiod", 
        "fields": {
            "kind": "LEC", 
            "section": 6092, 
            "period": 16, 
            "semester": 5, 
            "location": "EATON 214", 
            "instructor": "Das"
        }
    }, 
    {
        "pk": 3348, 
        "model": "courses.sectionperiod", 
        "fields": {
            "kind": "LAB", 
            "section": 6092, 
            "period": 9, 
            "semester": 5, 
            "location": "LALLY 104", 
            "instructor": "Staff"
        }
    }, 
    {
        "pk": 4798, 
        "model": "courses.sectionperiod", 
        "fields": {
            "kind": "LEC", 
            "section": 8299, 
            "period": 46, 
            "semester": 7, 
            "location": "DARRIN 318", 
            "instructor": "Krishnamoorthy"
        }
    }, 
    {
        "pk": 4799, 
        "model": "courses.sectionperiod", 
        "fields": {
            "kind": "LAB", 
            "section": 8299, 
            "period": 101, 
            "semester": 7, 
            "location": "EATON 216", 
            "instructor": "Staff"
        }
    }, 
    {
        "pk": 4800, 
        "model": "courses.sectionperiod", 
        "fields": {
            "kind": "LEC", 
            "section": 8300, 
            "period": 46, 
            "semester": 7, 
            "location": "DARRIN 318", 
            "instructor": "Krishnamoorthy"
        }
    }, 
    {
        "pk": 4801, 
        "model": "courses.sectionperiod", 
        "fields": {
            "kind": "LAB", 
            "section": 8300, 
            "period": 30, 
            "semester": 7, 
            "location": "EATON 216", 
            "instructor": "Staff"
        }
    }, 
    {
        "pk": 4802, 
        "model": "courses.sectionperiod", 
        "fields": {
            "kind": "LEC", 
            "section": 8301, 
            "period": 46, 
            "semester": 7, 
            "location": "DARRIN 318", 
            "instructor": "Krishnamoorthy"
        }
    }, 
    {
        "pk": 4803, 
        "model": "courses.sectionperiod", 
        "fields": {
            "kind": "LAB", 
            "section": 8301, 
            "period": 29, 
            "semester": 7, 
            "location": "SAGE 2715", 
            "instructor": "Staff"
        }
    }, 
    {
        "pk": 4804, 
        "model": "courses.sectionperiod", 
        "fields": {
            "kind": "LEC", 
            "section": 8302, 
            "period": 46, 
            "semester": 7, 
            "location": "DARRIN 318", 
            "instructor": "Krishnamoorthy"
        }
    }, 
    {
        "pk": 4805, 
        "model": "courses.sectionperiod", 
        "fields": {
            "kind": "LAB", 
            "section": 8302, 
            "period": 28, 
            "semester": 7, 
            "location": "SAGE 2715", 
            "instructor": "Staff"
        }
    }, 
    {
        "pk": 4806, 
        "model": "courses.sectionperiod", 
        "fields": {
            "kind": "LEC", 
            "section": 8303, 
            "period": 46, 
            "semester": 7, 
            "location": "DARRIN 318", 
            "instructor": "Krishnamoorthy"
        }
    }, 
    {
        "pk": 4807, 
        "model": "courses.sectionperiod", 
        "fields": {
            "kind": "LAB", 
            "section": 8303, 
            "period": 29, 
            "semester": 7, 
            "location": "EATON 216", 
            "instructor": "Staff"
        }
    }, 
    {
        "pk": 4808, 
        "model": "courses.sectionperiod", 
        "fields": {
            "kind": "LEC", 
            "section": 8304, 
            "period": 46, 
            "semester": 7, 
            "location": "DARRIN 318", 
            "instructor": "Krishnamoorthy"
        }
    }, 
    {
        "pk": 4809, 
        "model": "courses.sectionperiod", 
        "fields": {
            "kind": "LAB", 
            "section": 8304, 
            "period": 30, 
            "semester": 7, 
            "location": "SAGE 2715", 
            "instructor": "Staff"
        }
    }, 
    {
        "pk": 1234, 
        "model": "courses.semestersection", 
        "fields": {
            "semester": 2, 
            "section": 1234
        }
    }, 
    {
        "pk": 1235, 
        "model": "courses.semestersection", 
        "fields": {
            "semester": 2, 
            "section": 1235
        }
    }, 
    {
        "pk": 1236, 
        "model": "courses.semestersection", 
        "fields": {
            "semester": 2, 
            "section": 1236
        }
    }, 
    {
        "pk": 1237, 
        "model": "courses.semestersection", 
        "fields": {
            "semester": 2, 
            "section": 1237
        }
    }, 
    {
        "pk": 3568, 
        "model": "courses.semestersection", 
        "fields": {
            "semester": 4, 
            "section": 3568
        }
    }, 
    {
        "pk": 3569, 
        "model": "courses.semestersection", 
        "fields": {
            "semester": 4, 
            "section": 3569
        }
    }, 
    {
        "pk": 3570, 
        "model": "courses.semestersection", 
        "fields": {
            "semester": 4, 
            "section": 3570
        }
    }, 
    {
        "pk": 3571, 
        "model": "courses.semestersection", 
        "fields": {
            "semester": 4, 
            "section": 3571
        }
    }, 
    {
        "pk": 3572, 
        "model": "courses.semestersection", 
        "fields": {
            "semester": 4, 
            "section": 3572
        }
    }, 
    {
        "pk": 3573, 
        "model": "courses.semestersection", 
        "fields": {
            "semester": 4, 
            "section": 3573
        }
    }, 
    {
        "pk": 6089, 
        "model": "courses.semestersection", 
        "fields": {
            "semester": 5, 
            "section": 6089
        }
    }, 
    {
        "pk": 6090, 
        "model": "courses.semestersection", 
        "fields": {
            "semester": 5, 
            "section": 6090
        }
    }, 
    {
        "pk": 6091, 
        "model": "courses.semestersection", 
        "fields": {
            "semester": 5, 
            "section": 6091
        }
    }, 
    {
        "pk": 6092, 
        "model": "courses.semestersection", 
        "fields": {
            "semester": 5, 
            "section": 6092
        }
    }, 
    {
        "pk": 8299, 
        "model": "courses.semestersection", 
        "fields": {
            "semester": 7, 
            "section": 8299
        }
    }, 
    {
        "pk": 8300, 
        "model": "courses.semestersection", 
        "fields": {
            "semester": 7, 
            "section": 8300
        }
    }, 
    {
        "pk": 8301, 
        "model": "courses.semestersection", 
        "fields": {
            "semester": 7, 
            "section": 8301
        }
    }, 
    {
        "pk": 8302, 
        "model": "courses.semestersection", 
        "fields": {
            "semester": 7, 
            "section": 8302
        }
    }, 
    {
        "pk": 8303, 
        "model": "courses.semestersection", 
        "fields": {
            "semester": 7, 
            "section": 8303
        }
    }, 
    {
        "pk": 8304, 
        "model": "courses.semestersection", 
        "fields": {
            "semester": 7, 
            "section": 8304
        }
    }, 
    {
        "pk": 10, 
        "model": "courses.department", 
        "fields": {
            "code": "CSCI", 
            "name": "Computer Science"
        }
    }, 
    {
        "pk": 2, 
        "model": "courses.semester", 
        "fields": {
            "date_updated": "2011-09-25 17:36:15", 
            "month": 1, 
            "ref": "201001.xml", 
            "name": "Spring 2010", 
            "year": 2010
        }
    }, 
    {
        "pk": 4, 
        "model": "courses.semester", 
        "fields": {
            "date_updated": "2011-09-25 17:36:37", 
            "month": 9, 
            "ref": "201009.xml", 
            "name": "Fall 2010", 
            "year": 2010
        }
    }, 
    {
        "pk": 5, 
        "model": "courses.semester", 
        "fields": {
            "date_updated": "2011-09-25 17:36:58", 
            "month": 1, 
            "ref": "201101.xml", 
            "name": "Spring 2011", 
            "year": 2011
        }
    }, 
    {
        "pk": 7, 
        "model": "courses.semester", 
        "fields": {
            "date_updated": "2011-09-25 17:37:20", 
            "month": 9, 
            "ref": "201109.xml", 
            "name": "Fall 2011", 
            "year": 2011
        }
    }, 
    {
        "pk": 16, 
        "model": "courses.period", 
        "fields": {
            "start": "12:00:00", 
            "days_of_week_flag": 9, 
            "end": "13:50:00"
        }
    }, 
    {
        "pk": 1234, 
        "model": "courses.section", 
        "fields": {
            "seats_total": 35, 
            "number": 1, 
            "crosslisted": null, 
            "course": 479, 
            "crn": 51998, 
            "seats_taken": 13
        }
    }, 
    {
        "pk": 28, 
        "model": "courses.period", 
        "fields": {
            "start": "10:00:00", 
            "days_of_week_flag": 4, 
            "end": "11:50:00"
        }
    }, 
    {
        "pk": 1235, 
        "model": "courses.section", 
        "fields": {
            "seats_total": 35, 
            "number": 2, 
            "crosslisted": null, 
            "course": 479, 
            "crn": 50614, 
            "seats_taken": 13
        }
    }, 
    {
        "pk": 30, 
        "model": "courses.period", 
        "fields": {
            "start": "14:00:00", 
            "days_of_week_flag": 4, 
            "end": "15:50:00"
        }
    }, 
    {
        "pk": 1236, 
        "model": "courses.section", 
        "fields": {
            "seats_total": 35, 
            "number": 3, 
            "crosslisted": null, 
            "course": 479, 
            "crn": 51695, 
            "seats_taken": 29
        }
    }, 
    {
        "pk": 29, 
        "model": "courses.period", 
        "fields": {
            "start": "12:00:00", 
            "days_of_week_flag": 4, 
            "end": "13:50:00"
        }
    }, 
    {
        "pk": 1237, 
        "model": "courses.section", 
        "fields": {
            "seats_total": 35, 
            "number": 4, 
            "crosslisted": null, 
            "course": 479, 
            "crn": 50602, 
            "seats_taken": 19
        }
    }, 
    {
        "pk": 9, 
        "model": "courses.period", 
        "fields": {
            "start": "16:00:00", 
            "days_of_week_flag": 4, 
            "end": "17:50:00"
        }
    }, 
    {
        "pk": 46, 
        "model": "courses.period", 
        "fields": {
            "start": "12:00:00", 
            "days_of_week_flag": 9, 
            "end": "13:20:00"
        }
    }, 
    {
        "pk": 3568, 
        "model": "courses.section", 
        "fields": {
            "seats_total": 33, 
            "number": 1, 
            "crosslisted": null, 
            "course": 479, 
            "crn": 65071, 
            "seats_taken": 24
        }
    }, 
    {
        "pk": 101, 
        "model": "courses.period", 
        "fields": {
            "start": "18:00:00", 
            "days_of_week_flag": 4, 
            "end": "19:50:00"
        }
    }, 
    {
        "pk": 3569, 
        "model": "courses.section", 
        "fields": {
            "seats_total": 33, 
            "number": 2, 
            "crosslisted": null, 
            "course": 479, 
            "crn": 65072, 
            "seats_taken": 27
        }
    }, 
    {
        "pk": 3570, 
        "model": "courses.section", 
        "fields": {
            "seats_total": 33, 
            "number": 4, 
            "crosslisted": null, 
            "course": 479, 
            "crn": 65488, 
            "seats_taken": 28
        }
    }, 
    {
        "pk": 3571, 
        "model": "courses.section", 
        "fields": {
            "seats_total": 33, 
            "number": 5, 
            "crosslisted": null, 
            "course": 479, 
            "crn": 66770, 
            "seats_taken": 19
        }
    }, 
    {
        "pk": 3572, 
        "model": "courses.section", 
        "fields": {
            "seats_total": 33, 
            "number": 6, 
            "crosslisted": null, 
            "course": 479, 
            "crn": 65430, 
            "seats_taken": 21
        }
    }, 
    {
        "pk": 3573, 
        "model": "courses.section", 
        "fields": {
            "seats_total": 33, 
            "number": 7, 
            "crosslisted": null, 
            "course": 479, 
            "crn": 65514, 
            "seats_taken": 12
        }
    }, 
    {
        "pk": 6089, 
        "model": "courses.section", 
        "fields": {
            "seats_total": 35, 
            "number": 1, 
            "crosslisted": null, 
            "course": 479, 
            "crn": 74738, 
            "seats_taken": 23
        }
    }, 
    {
        "pk": 6090, 
        "model": "courses.section", 
        "fields": {
            "seats_total": 35, 
            "number": 2, 
            "crosslisted": null, 
            "course": 479, 
            "crn": 73465, 
            "seats_taken": 22
        }
    }, 
    {
        "pk": 6091, 
        "model": "courses.section", 
        "fields": {
            "seats_total": 35, 
            "number": 3, 
            "crosslisted": null, 
            "course": 479, 
            "crn": 74469, 
            "seats_taken": 35
        }
    }, 
    {
        "pk": 6092, 
        "model": "courses.section", 
        "fields": {
            "seats_total": 35, 
            "number": 4, 
            "crosslisted": null, 
            "course": 479, 
            "crn": 73453, 
            "seats_taken": 28
        }
    }, 
    {
        "pk": 8299, 
        "model": "courses.section", 
        "fields": {
            "seats_total": 33, 
            "number": 1, 
            "crosslisted": null, 
            "course": 479, 
            "crn": 85065, 
            "seats_taken": 26
        }
    }, 
    {
        "pk": 8300, 
        "model": "courses.section", 
        "fields": {
            "seats_total": 33, 
            "number": 2, 
            "crosslisted": null, 
            "course": 479, 
            "crn": 85066, 
            "seats_taken": 34
        }
    }, 
    {
        "pk": 8301, 
        "model": "courses.section", 
        "fields": {
            "seats_total": 33, 
            "number": 4, 
            "crosslisted": null, 
            "course": 479, 
            "crn": 85468, 
            "seats_taken": 32
        }
    }, 
    {
        "pk": 8302, 
        "model": "courses.section", 
        "fields": {
            "seats_total": 33, 
            "number": 5, 
            "crosslisted": null, 
            "course": 479, 
            "crn": 86693, 
            "seats_taken": 26
        }
    }, 
    {
        "pk": 8303, 
        "model": "courses.section", 
        "fields": {
            "seats_total": 33, 
            "number": 6, 
            "crosslisted": null, 
            "course": 479, 
            "crn": 85411, 
            "seats_taken": 32
        }
    }, 
    {
        "pk": 8304, 
        "model": "courses.section", 
        "fields": {
            "seats_total": 33, 
            "number": 7, 
            "crosslisted": null, 
            "course": 479, 
            "crn": 85488, 
            "seats_taken": 32
        }
    }, 
    {
        "pk": 3, 
        "model": "courses.semester", 
        "fields": {
            "date_updated": "2011-09-25 17:36:16", 
            "month": 5, 
            "ref": "201005.xml", 
            "name": "Summer 2010", 
            "year": 2010
        }
    }, 
    {
        "pk": 6, 
        "model": "courses.semester", 
        "fields": {
            "date_updated": "2011-09-25 17:36:59", 
            "month": 5, 
            "ref": "201105.xml", 
            "name": "Summer 2011", 
            "year": 2011
        }
    }
]