[
    {
        "pk": 2, 
        "model": "courses.semester", 
        "fields": {
            "date_updated": "2011-09-25 17:36:15", 
            "month": 1, 
            "ref": "201001.xml", 
            "name": "Spring 2010", 
            "year": 2010
        }
    }, 
    {
        "pk": 3, 
        "model": "courses.semester", 
        "fields": {
            "date_updated": "2011-09-25 17:36:16", 
            "month": 5, 
            "ref": "201005.xml", 
            "name": "Summer 2010", 
            "year": 2010
        }
    }, 
    {
        "pk": 4, 
        "model": "courses.semester", 
        "fields": {
            "date_updated": "2011-09-25 17:36:37", 
            "month": 9, 
            "ref": "201009.xml", 
            "name": "Fall 2010", 
            "year": 2010
        }
    }, 
    {
        "pk": 5, 
        "model": "courses.semester", 
        "fields": {
            "date_updated": "2011-09-25 17:36:58", 
            "month": 1, 
            "ref": "201101.xml", 
            "name": "Spring 2011", 
            "year": 2011
        }
    }, 
    {
        "pk": 6, 
        "model": "courses.semester", 
        "fields": {
            "date_updated": "2011-09-25 17:36:59", 
            "month": 5, 
            "ref": "201105.xml", 
            "name": "Summer 2011", 
            "year": 2011
        }
    }, 
    {
        "pk": 7, 
        "model": "courses.semester", 
        "fields": {
            "date_updated": "2011-09-25 17:37:20", 
            "month": 9, 
            "ref": "201109.xml", 
            "name": "Fall 2011", 
            "year": 2011
        }
    }, 
    {
        "pk": 9, 
        "model": "courses.semesterdepartment", 
        "fields": {
            "department": 10, 
            "semester": 2
        }
    }, 
    {
        "pk": 14, 
        "model": "courses.semesterdepartment", 
        "fields": {
            "department": 15, 
            "semester": 2
        }
    }, 
    {
        "pk": 27, 
        "model": "courses.semesterdepartment", 
        "fields": {
            "department": 28, 
            "semester": 2
        }
    }, 
    {
        "pk": 57, 
        "model": "courses.semesterdepartment", 
        "fields": {
            "department": 15, 
            "semester": 3
        }
    }, 
    {
        "pk": 59, 
        "model": "courses.semesterdepartment", 
        "fields": {
            "department": 10, 
            "semester": 3
        }
    }, 
    {
        "pk": 63, 
        "model": "courses.semesterdepartment", 
        "fields": {
            "department": 28, 
            "semester": 3
        }
    }, 
    {
        "pk": 78, 
        "model": "courses.semesterdepartment", 
        "fields": {
            "department": 10, 
            "semester": 4
        }
    }, 
    {
        "pk": 82, 
        "model": "courses.semesterdepartment", 
        "fields": {
            "department": 15, 
            "semester": 4
        }
    }, 
    {
        "pk": 86, 
        "model": "courses.semesterdepartment", 
        "fields": {
            "department": 28, 
            "semester": 4
        }
    }, 
    {
        "pk": 120, 
        "model": "courses.semesterdepartment", 
        "fields": {
            "department": 10, 
            "semester": 5
        }
    }, 
    {
        "pk": 124, 
        "model": "courses.semesterdepartment", 
        "fields": {
            "department": 15, 
            "semester": 5
        }
    }, 
    {
        "pk": 134, 
        "model": "courses.semesterdepartment", 
        "fields": {
            "department": 28, 
            "semester": 5
        }
    }, 
    {
        "pk": 167, 
        "model": "courses.semesterdepartment", 
        "fields": {
            "department": 15, 
            "semester": 6
        }
    }, 
    {
        "pk": 168, 
        "model": "courses.semesterdepartment", 
        "fields": {
            "department": 10, 
            "semester": 6
        }
    }, 
    {
        "pk": 172, 
        "model": "courses.semesterdepartment", 
        "fields": {
            "department": 28, 
            "semester": 6
        }
    }, 
    {
        "pk": 186, 
        "model": "courses.semesterdepartment", 
        "fields": {
            "department": 10, 
            "semester": 7
        }
    }, 
    {
        "pk": 187, 
        "model": "courses.semesterdepartment", 
        "fields": {
            "department": 28, 
            "semester": 7
        }
    }, 
    {
        "pk": 192, 
        "model": "courses.semesterdepartment", 
        "fields": {
            "department": 15, 
            "semester": 7
        }
    }, 
    {
        "pk": 96, 
        "model": "courses.offeredfor", 
        "fields": {
            "course": 96, 
            "semester": 2
        }
    }, 
    {
        "pk": 1018, 
        "model": "courses.offeredfor", 
        "fields": {
            "course": 96, 
            "semester": 4
        }
    }, 
    {
        "pk": 1894, 
        "model": "courses.offeredfor", 
        "fields": {
            "course": 96, 
            "semester": 5
        }
    }, 
    {
        "pk": 2834, 
        "model": "courses.offeredfor", 
        "fields": {
            "course": 96, 
            "semester": 7
        }
    }, 
    {
        "pk": 224, 
        "model": "courses.offeredfor", 
        "fields": {
            "course": 224, 
            "semester": 2
        }
    }, 
    {
        "pk": 1141, 
        "model": "courses.offeredfor", 
        "fields": {
            "course": 224, 
            "semester": 4
        }
    }, 
    {
        "pk": 2029, 
        "model": "courses.offeredfor", 
        "fields": {
            "course": 224, 
            "semester": 5
        }
    }, 
    {
        "pk": 2967, 
        "model": "courses.offeredfor", 
        "fields": {
            "course": 224, 
            "semester": 7
        }
    }, 
    {
        "pk": 802, 
        "model": "courses.offeredfor", 
        "fields": {
            "course": 802, 
            "semester": 2
        }
    }, 
    {
        "pk": 1720, 
        "model": "courses.offeredfor", 
        "fields": {
            "course": 802, 
            "semester": 4
        }
    }, 
    {
        "pk": 2614, 
        "model": "courses.offeredfor", 
        "fields": {
            "course": 802, 
            "semester": 5
        }
    }, 
    {
        "pk": 3556, 
        "model": "courses.offeredfor", 
        "fields": {
            "course": 802, 
            "semester": 7
        }
    }, 
    {
        "pk": 10, 
        "model": "courses.department", 
        "fields": {
            "code": "CSCI", 
            "name": "Computer Science"
        }
    }, 
    {
        "pk": 15, 
        "model": "courses.department", 
        "fields": {
            "code": "ECSE", 
            "name": "Electrical, Computer, and Systems Engineering"
        }
    }, 
    {
        "pk": 28, 
        "model": "courses.department", 
        "fields": {
            "code": "MATH", 
            "name": "Mathematics"
        }
    }, 
    {
        "pk": 96, 
        "model": "courses.course", 
        "fields": {
            "name": "CALCULUS I", 
            "min_credits": 4, 
            "grade_type": "", 
            "number": 1010, 
            "max_credits": 4, 
            "department": 28
        }
    }, 
    {
        "pk": 224, 
        "model": "courses.course", 
        "fields": {
            "name": "INTRO TO COMPUTER PROGRAMMING", 
            "min_credits": 4, 
            "grade_type": "", 
            "number": 1010, 
            "max_credits": 4, 
            "department": 10
        }
    }, 
    {
        "pk": 802, 
        "model": "courses.course", 
        "fields": {
            "name": "DATA STRUCTURES", 
            "min_credits": 4, 
            "grade_type": "", 
            "number": 1200, 
            "max_credits": 4, 
            "department": 10
        }
    }
]